STATE,Year,Total,Dem Votes,Dem Percent,Dem EV,Rep Votes,Rep Percent,Rep EV
Alabama,2020,2323282,849624,36.57,,1441170,62.03,9
Alaska,2020,359530,153778,42.77,,189951,52.83,3
Arizona,2020,3387326,1672143,49.36,11,1661686,49.06,
Arkansas,2020,1219069,423932,34.78,,760647,62.4,6
California,2020,17500881,11110250,63.48,55,6006429,34.32,
Colorado,2020,3256952,1804352,55.4,9,1364607,41.9,
Connecticut,2020,1824280,1080680,59.24,7,715291,39.21,
Delaware,2020,504010,296268,58.78,3,200603,39.8,
District of Columbia,2020,344356,317323,92.15,3,18586,5.4,
Florida,2020,11067456,5297045,47.86,,5668731,51.22,29
Georgia,2020,4997716,2473633,49.5,16,2461854,49.26,
Hawaii,2020,574469,366130,63.73,4,196864,34.27,
Idaho,2020,868014,287021,33.07,,554119,63.84,4
Illinois,2020,6033744,3471915,57.54,20,2446891,40.55,
Indiana,2020,3033121,1242416,40.96,,1729519,57.02,11
Iowa,2020,1690871,759061,44.89,,897672,53.09,6
Kansas,2020,1372303,570323,41.56,,771406,56.21,6
Kentucky,2020,2136768,772474,36.15,,1326646,62.09,8
Louisiana,2020,2148062,856034,39.85,,1255776,58.46,8
Maine,2020,819461,435072,53.09,2,360737,44.02,
ME-1,2020,443112,266376,60.11,1,164045,37.02,
ME-2,2020,376349,168696,44.82,,196692,52.26,1
Maryland,2020,3037030,1985023,65.36,10,976414,32.15,
Massachusetts,2020,3631403,2382202,65.6,11,1167202,32.14,
Michigan,2020,5539301,2804040,50.62,16,2649852,47.84,
Minnesota,2020,3277171,1717077,52.4,10,1484065,45.28,
Mississippi,2020,1313759,539398,41.06,,756764,57.6,6
Missouri,2020,3025962,1253014,41.41,,1718736,56.8,10
Montana,2020,603640,244786,40.55,,343602,56.92,3
Nebraska,2020,951712,374583,39.36,,556846,58.51,2
NE-1,2020,321886,132261,41.09,,180290,56.01,1
NE-2,2020,339666,176468,51.95,1,154377,45.45,
NE-3,2020,294831,65854,22.34,,222179,75.36,1
Nevada,2020,1405376,703486,50.06,6,669890,47.67,
New Hampshire,2020,806205,424937,52.71,4,365660,45.36,
New Jersey,2020,4549353,2608335,57.33,14,1883274,41.4,
New Mexico,2020,923965,501614,54.29,5,401894,43.5,
New York,2020,8594826,5230985,60.86,29,3244798,37.75,
North Carolina,2020,5524804,2684292,48.59,,2758775,49.93,15
North Dakota,2020,361819,114902,31.76,,235595,65.11,3
Ohio,2020,5922202,2679165,45.24,,3154834,53.27,18
Oklahoma,2020,1560699,503890,32.29,,1020280,65.37,7
Oregon,2020,2374321,1340383,56.45,7,958448,40.37,
Pennsylvania,2020,6915283,3458229,50.01,20,3377674,48.84,
Rhode Island,2020,517757,307486,59.39,4,199922,38.61,
South Carolina,2020,2513329,1091541,43.43,,1385103,55.11,9
South Dakota,2020,422609,150471,35.61,,261043,61.77,3
Tennessee,2020,3053851,1143711,37.45,,1852475,60.66,11
Texas,2020,11315056,5259126,46.48,,5890347,52.06,38
Utah,2020,1488289,560282,37.65,,865140,58.13,6
Vermont,2020,367428,242820,66.09,3,112704,30.67,
Virginia,2020,4460524,2413568,54.11,13,1962430,44,
Washington,2020,4087631,2369612,57.97,12,1584651,38.77,
West Virginia,2020,794652,235984,29.7,,545382,68.63,5
Wisconsin,2020,3298041,1630866,49.45,10,1610184,48.82,
Wyoming,2020,276765,73491,26.55,,193559,69.94,3
Alabama,2016,2123372,729547,34.4,,1318255,62.1,9
Alaska,2016,318608,116454,36.6,,163387,51.3,3
Arizona,2016,2573165,1161167,45.1,,1252401,48.7,11
Arkansas,2016,1130635,380494,33.7,,684872,60.6,6
California,2016,14181595,8753788,61.7,55,4483810,31.6,
Colorado,2016,2780220,1338870,48.2,9,1202484,43.3,
Connecticut,2016,1644920,897572,54.6,7,673215,40.9,
Delaware,2016,441590,235603,53.4,3,185127,41.9,
Dist. of Col.,2016,311268,282830,90.9,3,12723,4.1,
Florida,2016,9420039,4504975,47.8,,4617886,49,29
Georgia,2016,4092373,1877963,45.9,,2089104,51,16
Hawaii,2016,428937,266891,62.2,4,128847,30,
Idaho,2016,690255,189765,27.5,,409055,59.3,4
Illinois,2016,5536424,3090729,55.8,20,2146015,38.8,
Indiana,2016,2734958,1033126,37.8,,1557286,56.9,11
Iowa,2016,1566031,653669,41.7,,800983,51.1,6
Kansas,2016,1184402,427005,36.1,,671018,56.7,6
Kentucky,2016,1924149,628854,32.7,,1202971,62.5,8
Louisiana,2016,2029032,780154,38.4,,1178638,58.1,8
Maine,2016,747927,357735,47.8,3,335593,44.9,1
Maryland,2016,2781446,1677928,60.3,10,943169,33.9,
Massachusetts,2016,3325046,1995196,60,11,1090893,32.8,
Michigan,2016,4799284,2268839,47.3,,2279543,47.5,16
Minnesota,2016,2944813,1367716,46.4,10,1322951,44.9,
Mississippi,2016,1209357,485131,40.1,,700714,57.9,6
Missouri,2016,2808605,1071068,38.1,,1594511,56.8,10
Montana,2016,494526,177709,35.9,,279240,56.5,3
Nebraska,2016,844227,284494,33.7,,495961,58.7,2
NE-1,2016,282338,100126,35.5,,158626,56.2,1
NE-2,2016,291680,131030,44.9,,137564,47.2,1
NE-3,2016,270109,53290,19.7,,199657,73.9,1
Nevada,2016,1125385,539260,47.9,6,512058,45.5,
New Hampshire,2016,744296,348526,46.8,4,345790,46.5,
New Jersey,2016,3874046,2148278,55.5,14,1601933,41.4,
New Mexico,2016,798318,385234,48.3,5,319666,40,
New York,2016,7622328,4491191,58.9,29,2790073,36.6,
North Carolina,2016,4741558,2189313,46.2,,2362628,49.8,15
North Dakota,2016,344360,93758,27.2,,216794,63,3
Ohio,2016,5496487,2394164,43.6,,2841005,51.7,18
Oklahoma,2016,1452992,420375,28.9,,949136,65.3,7
Oregon,2016,2001336,1002106,50.1,7,782403,39.1,
Pennsylvania,2016,6115402,2926441,47.9,,2970733,48.6,20
Rhode Island,2016,464144,252525,54.4,4,180543,38.9,
South Carolina,2016,2103027,855373,40.7,,1155389,54.9,9
South Dakota,2016,370047,117442,31.7,,227701,61.5,3
Tennessee,2016,2508027,870695,34.7,,1522925,60.7,11
Texas,2016,8969226,3877868,43.2,,4685047,52.2,38
Utah,2016,1131430,310676,27.5,,515231,45.5,6
Vermont,2016,315067,178573,56.7,3,95369,30.3,
Virginia,2016,3982752,1981473,49.8,13,1769443,44.4,
Washington,2016,3209214,1742718,54.3,12,1221747,38.1,
West Virginia,2016,713051,188794,26.5,,489371,68.6,5
Wisconsin,2016,2976150,1382536,46.5,,1405284,47.2,10
Wyoming,2016,255849,55973,21.9,,174419,68.2,3
Alabama,2012,2074338,795696,38.4,,1255925,60.5,9
Alaska,2012,300495,122640,40.8,,164676,54.8,3
Arizona,2012,2299254,1025232,44.6,,1233654,53.7,11
Arkansas,2012,1069468,394409,36.9,,647744,60.6,6
California,2012,13038547,7854285,60.2,55,4839958,37.1,
Colorado,2012,2569520,1323101,51.5,9,1185243,46.1,
Connecticut,2012,1558960,905083,58.1,7,634892,40.7,
Delaware,2012,413921,242584,58.6,3,165484,40,
Dist. of Col.,2012,293764,267070,90.9,3,21381,7.3,
Florida,2012,8474179,4237756,50,29,4163447,49.1,
Georgia,2012,3900050,1773827,45.5,,2078688,53.3,16
Hawaii,2012,434697,306658,70.5,4,121015,27.8,
Idaho,2012,652274,212787,32.6,,420911,64.5,4
Illinois,2012,5242014,3019512,57.6,20,2135216,40.7,
Indiana,2012,2624534,1152887,43.9,,1420543,54.1,11
Iowa,2012,1582180,822544,52,6,730617,46.2,
Kansas,2012,1159971,440726,38,,692634,59.7,6
Kentucky,2012,1797212,679370,37.8,,1087190,60.5,8
Louisiana,2012,1994065,809141,40.6,,1152262,57.8,8
Maine,2012,713180,401306,56.3,4,292276,41,
Maryland,2012,2707327,1677844,62,10,971869,35.9,
Massachusetts,2012,3167767,1921290,60.7,11,1188314,37.5,
Michigan,2012,4730961,2564569,54.2,16,2115256,44.7,
Minnesota,2012,2936561,1546167,52.7,10,1320225,45,
Mississippi,2012,1285584,562949,43.8,,710746,55.3,6
Missouri,2012,2757323,1223796,44.4,,1482440,53.8,10
Montana,2012,484048,201839,41.7,,267928,55.4,3
Nebraska,2012,794379,302081,38,,475064,59.8,5
Nevada,2012,1014918,531373,52.4,6,463567,45.7,
New Hampshire,2012,710972,369561,52,4,329918,46.5,
New Jersey,2012,3638499,2122786,58.3,14,1478088,40.6,
New Mexico,2012,783758,415335,53,5,335788,42.8,
New York,2012,7061925,4471871,63.4,29,2485432,35.2,
North Carolina,2012,4505372,2178391,48.4,,2270395,50.4,15
North Dakota,2012,322932,124966,38.7,,188320,58.3,3
Ohio,2012,5580822,2827621,50.7,18,2661407,47.7,
Oklahoma,2012,1334872,443547,33.2,,891325,66.8,7
Oregon,2012,1789270,970488,54.2,7,754175,42.1,
Pennsylvania,2012,5753670,2990274,52.1,20,2680434,46.7,
Rhode Island,2012,446049,279677,62.7,4,157204,35.2,
South Carolina,2012,1964118,865941,44.1,,1071645,54.6,9
South Dakota,2012,363815,145039,39.9,,210610,57.9,3
Tennessee,2012,2458577,960709,39.1,,1462330,59.5,11
Texas,2012,7993851,3308124,41.4,,4569843,57.2,38
Utah,2012,1017440,251813,24.7,,740600,72.8,6
Vermont,2012,299290,199239,66.6,3,92698,31,
Virginia,2012,3854490,1971820,51.2,13,1822522,47.3,
Washington,2012,3125516,1755396,56.2,12,1290670,41.3,
West Virginia,2012,670438,238269,35.5,,417655,62.3,5
Wisconsin,2012,3071434,1620985,52.9,10,1410966,46,
Wyoming,2012,249061,69286,27.8,,170962,68.6,3
Alabama,2008,2099819,813479,38.7,,1266546,60.3,9
Alaska,2008,326197,123594,37.9,,193841,59.4,3
Arizona,2008,2293475,1034707,45.1,,1230111,53.6,10
Arkansas,2008,1086617,422310,38.9,,638017,58.7,6
California,2008,13561900,8274473,61,55,5011781,37,
Colorado,2008,2401361,1288576,53.7,9,1073589,44.7,
Connecticut,2008,1646792,997772,60.6,7,629428,38.2,
Delaware,2008,412412,255459,61.9,3,152374,36.9,
Dist. of Col.,2008,265853,245800,92.5,3,17367,6.5,
Florida,2008,8390744,4282074,51,27,4045624,48.2,
Georgia,2008,3924440,1844137,47,,2048744,52.2,15
Hawaii,2008,453568,325871,71.8,4,120566,26.6,
Idaho,2008,655032,236440,36.1,,403012,61.5,4
Illinois,2008,5523051,3419673,61.9,21,2031527,36.8,
Indiana,2008,2751054,1374039,49.9,11,1345648,48.9,
Iowa,2008,1543662,828940,53.7,7,682379,44.2,
Kansas,2008,1235872,514765,41.7,,699655,56.6,6
Kentucky,2008,1826508,751985,41.2,,1048462,57.4,8
Louisiana,2008,1960761,782989,39.9,,1148275,58.6,9
Maine,2008,731163,421923,57.7,4,295273,40.4,
Maryland,2008,2631596,1629467,61.9,10,959862,36.5,
Massachusetts,2008,3080985,1904097,61.8,12,1108854,36,
Michigan,2008,5001766,2872579,57.4,17,2048639,41,
Minnesota,2008,2910369,1573354,54.1,10,1275409,43.8,
Mississippi,2008,1289865,554662,43,,724597,56.2,6
Missouri,2008,2925205,1441911,49.3,,1445814,49.4,11
Montana,2008,490109,231667,47.3,,242763,49.5,3
Nebraska,2008,801281,333319,41.6,,452979,56.53,2
NE-1,2008,273893,121411,44.33,,148179,54.1,1
NE-2,2008,277809,138809,49.97,1,135439,48.75,
NE-3,2008,246742,73099,29.63,,169361,68.64,1
Nevada,2008,967848,533736,55.1,5,412827,42.7,
New Hampshire,2008,707611,384826,54.4,4,316534,44.7,
New Jersey,2008,3868237,2215422,57.3,15,1613207,41.7,
New Mexico,2008,830158,472422,56.9,5,346832,41.8,
New York,2008,7591233,4769700,62.8,31,2742298,36.1,
North Carolina,2008,4310789,2142651,49.7,15,2128474,49.4,
North Dakota,2008,316621,141278,44.6,,168601,53.3,3
Ohio,2008,5698260,2933388,51.5,20,2674491,46.9,
Oklahoma,2008,1462661,502496,34.4,,960165,65.6,7
Oregon,2008,1827864,1037291,56.7,7,738475,40.4,
Pennsylvania,2008,6034745,3276363,54.3,21,2655885,44,
Rhode Island,2008,469767,296571,63.1,4,165391,35.2,
South Carolina,2008,1920969,862449,44.9,,1034896,53.9,8
South Dakota,2008,381975,170924,44.7,,203054,53.2,3
Tennessee,2008,2599749,1087437,41.8,,1479178,56.9,11
Texas,2008,8077795,3528633,43.7,,4479328,55.5,34
Utah,2008,952370,327670,34.4,,596030,62.6,5
Vermont,2008,325046,219262,67.5,3,98974,30.4,
Virginia,2008,3723260,1959532,52.6,13,1725005,46.3,
Washington,2008,3036878,1750848,57.7,11,1229216,40.5,
West Virginia,2008,713362,303857,42.6,,397466,55.7,5
Wisconsin,2008,2983417,1677211,56.2,10,1262393,42.3,
Wyoming,2008,256035,82868,32.4,,164958,64.4,3
Alabama,2004,1883449,693933,36.8,,1176394,62.5,9
Alaska,2004,312598,111025,35.5,,190889,61.1,3
Arizona,2004,2012585,893524,44.4,,1104294,54.9,10
Arkansas,2004,1054945,469953,44.5,,572898,54.3,6
California,2004,12421852,6745485,54.3,55,5509826,44.4,
Colorado,2004,2130330,1001732,47,,1101255,51.7,9
Connecticut,2004,1578769,857488,54.3,7,693826,43.9,
Delaware,2004,375190,200152,53.3,3,171660,45.8,
Dist. of Col.,2004,227586,202970,89.2,3,21256,9.3,
Florida,2004,7609810,3583544,47.1,,3964522,52.1,27
Georgia,2004,3301875,1366149,41.4,,1914254,58,15
Hawaii,2004,429013,231708,54,4,194191,45.3,
Idaho,2004,598447,181098,30.3,,409235,68.4,4
Illinois,2004,5274322,2891550,54.8,21,2345946,44.5,
Indiana,2004,2468002,969011,39.3,,1479438,59.9,11
Iowa,2004,1506908,741898,49.2,,751957,49.9,7
Kansas,2004,1187756,434993,36.6,,736456,62,6
Kentucky,2004,1795882,712733,39.7,,1069439,59.5,8
Louisiana,2004,1943106,820299,42.2,,1102169,56.7,9
Maine,2004,740752,396842,53.6,4,330201,44.6,
Maryland,2004,2386678,1334493,55.9,10,1024703,42.9,
Massachusetts,2004,2912388,1803800,61.9,12,1071109,36.8,
Michigan,2004,4839252,2479183,51.2,17,2313746,47.8,
Minnesota,2004,2828387,1445014,51.1,9,1346695,47.6,
Mississippi,2004,1152145,458094,39.8,,684981,59.5,6
Missouri,2004,2731364,1259171,46.1,,1455713,53.3,11
Montana,2004,450445,173710,38.6,,266063,59.1,3
Nebraska,2004,778186,254328,32.7,,512814,65.9,5
Nevada,2004,829587,397190,47.9,,418690,50.5,5
New Hampshire,2004,677738,340511,50.2,4,331237,48.9,
New Jersey,2004,3611691,1911430,52.9,15,1670003,46.2,
New Mexico,2004,756304,370942,49,,376930,49.8,5
New York,2004,7391036,4314280,58.4,31,2962567,40.1,
North Carolina,2004,3501007,1525849,43.6,,1961166,56,15
North Dakota,2004,312833,111052,35.5,,196651,62.9,3
Ohio,2004,5627908,2741167,48.7,,2859768,50.8,20
Oklahoma,2004,1463758,503966,34.4,,959792,65.6,7
Oregon,2004,1836782,943163,51.3,7,866831,47.2,
Pennsylvania,2004,5769590,2938095,50.9,21,2793847,48.4,
Rhode Island,2004,437134,259765,59.4,4,169046,38.7,
South Carolina,2004,1617730,661699,40.9,,937974,58,8
South Dakota,2004,388215,149244,38.4,,232584,59.9,3
Tennessee,2004,2437319,1036477,42.5,,1384375,56.8,11
Texas,2004,7410765,2832704,38.2,,4526917,61.1,34
Utah,2004,927844,241199,26,,663742,71.5,5
Vermont,2004,312309,184067,58.9,3,121180,38.8,
Virginia,2004,3198367,1454742,45.5,,1716959,53.7,13
Washington,2004,2859084,1510201,52.8,11,1304894,45.6,
West Virginia,2004,755887,326541,43.2,,423778,56.1,5
Wisconsin,2004,2997007,1489504,49.7,10,1478120,49.3,
Wyoming,2004,243428,70776,29.1,,167629,68.9,3
Alabama,2000,1666272,692611,41.6,,941173,56.5,9
Alaska,2000,285560,79004,27.7,,167398,58.6,3
Arizona,2000,1532016,685341,44.7,,781652,51,8
Arkansas,2000,921781,422768,45.9,,472940,51.3,6
California,2000,10965856,5861203,53.4,54,4567429,41.7,
Colorado,2000,1741368,738227,42.4,,883748,50.8,8
Connecticut,2000,1459525,816015,55.9,8,561094,38.4,
Delaware,2000,327622,180068,55,3,137288,41.9,
Dist. of Col.,2000,201894,171923,85.2,2,18073,9,
Florida,2000,5963110,2912253,48.8,,2912790,48.8,25
Georgia,2000,2596645,1116230,43,,1419720,54.7,13
Hawaii,2000,367951,205286,55.8,4,137845,37.5,
Idaho,2000,501621,138637,27.6,,336937,67.2,4
Illinois,2000,4742123,2589026,54.6,22,2019421,42.6,
Indiana,2000,2199302,901980,41,,1245836,56.6,12
Iowa,2000,1315563,638517,48.5,7,634373,48.2,
Kansas,2000,1072218,399276,37.2,,622332,58,6
Kentucky,2000,1544187,638898,41.4,,872492,56.5,8
Louisiana,2000,1765656,792344,44.9,,927871,52.6,9
Maine,2000,651817,319951,49.1,4,286616,44,
Maryland,2000,2020480,1140782,56.5,10,813797,40.3,
Massachusetts,2000,2702984,1616487,59.8,12,878502,32.5,
Michigan,2000,4232711,2170418,51.3,18,1953139,46.1,
Minnesota,2000,2438685,1168266,47.9,10,1109659,45.5,
Mississippi,2000,994184,404614,40.7,,572844,57.6,7
Missouri,2000,2359892,1111138,47.1,,1189924,50.4,11
Montana,2000,410997,137126,33.4,,240178,58.4,3
Nebraska,2000,697019,231780,33.3,,433862,62.2,5
Nevada,2000,608970,279978,46,,301575,49.5,4
New Hampshire,2000,569081,266348,46.8,,273559,48.1,4
New Jersey,2000,3187226,1788850,56.1,15,1284173,40.3,
New Mexico,2000,598605,286783,47.9,5,286417,47.8,
New York,2000,6821999,4107697,60.2,33,2403374,35.2,
North Carolina,2000,2911262,1257692,43.2,,1631163,56,14
North Dakota,2000,288256,95284,33.1,,174852,60.7,3
Ohio,2000,4701998,2183628,46.4,,2350363,50,21
Oklahoma,2000,1234229,474276,38.4,,744337,60.3,8
Oregon,2000,1533968,720342,47,7,713577,46.5,
Pennsylvania,2000,4913119,2485967,50.6,23,2281127,46.4,
Rhode Island,2000,409047,249508,61,4,130555,31.9,
South Carolina,2000,1382717,565561,40.9,,785937,56.8,8
South Dakota,2000,316269,118804,37.6,,190700,60.3,3
Tennessee,2000,2076181,981720,47.3,,1061949,51.1,11
Texas,2000,6407637,2433746,38,,3799639,59.3,32
Utah,2000,770754,203053,26.3,,515096,66.8,5
Vermont,2000,294308,149022,50.6,3,119775,40.7,
Virginia,2000,2739447,1217290,44.4,,1437490,52.5,13
Washington,2000,2487433,1247652,50.2,11,1108864,44.6,
West Virginia,2000,648124,295497,45.6,,336475,51.9,5
Wisconsin,2000,2598607,1242987,47.8,11,1237279,47.6,
Wyoming,2000,218351,60481,27.7,,147947,67.8,3
Alabama,1996,1534349,662165,43.2,,769044,50.1,9
Alaska,1996,241620,80380,33.3,,122746,50.8,3
Arizona,1996,1404405,653288,46.5,8,622073,44.3,
Arkansas,1996,884262,475171,53.7,6,325416,36.8,
California,1996,10019484,5119835,51.1,54,3828380,38.2,
Colorado,1996,1510704,671152,44.4,,691848,45.8,8
Connecticut,1996,1392614,735740,52.8,8,483109,34.7,
Delaware,1996,270845,140355,51.8,3,99062,36.6,
Dist. of Col.,1996,185726,158220,85.2,3,17339,9.3,
Florida,1996,5303794,2546870,48,25,2244536,42.3,
Georgia,1996,2299071,1053849,45.8,,1080843,47,13
Hawaii,1996,360120,205012,56.9,4,113943,31.6,
Idaho,1996,491719,165443,33.6,,256595,52.2,4
Illinois,1996,4311391,2341744,54.3,22,1587021,36.8,
Indiana,1996,2135431,887424,41.6,,1006693,47.1,12
Iowa,1996,1234075,620258,50.3,7,492644,39.9,
Kansas,1996,1074300,387659,36.1,,583245,54.3,6
Kentucky,1996,1388708,636614,45.8,8,623283,44.9,
Louisiana,1996,1783959,927837,52,9,712586,39.9,
Maine,1996,605897,312788,51.6,4,186378,30.8,
Maryland,1996,1780870,966207,54.3,10,681530,38.3,
Massachusetts,1996,2556786,1571763,61.5,12,718107,28.1,
Michigan,1996,3848844,1989653,51.7,18,1481212,38.5,
Minnesota,1996,2192640,1120438,51.1,10,766476,35,
Mississippi,1996,893857,394022,44.1,,439838,49.2,7
Missouri,1996,2158065,1025935,47.5,11,890016,41.2,
Montana,1996,407261,167922,41.3,,179652,44.1,3
Nebraska,1996,677415,236761,35,,363467,53.7,5
Nevada,1996,464279,203974,43.9,4,199244,42.9,
New Hampshire,1996,499175,246214,49.3,4,196532,39.4,
New Jersey,1996,3075807,1652329,53.7,15,1103078,35.9,
New Mexico,1996,556074,273495,49.2,5,232751,41.9,
New York,1996,6316129,3756177,59.5,33,1933492,30.6,
North Carolina,1996,2515807,1107849,44,,1225938,48.7,14
North Dakota,1996,266411,106905,40.1,,125050,46.9,3
Ohio,1996,4534434,2148222,47.4,21,1859883,41,
Oklahoma,1996,1206713,488105,40.4,,582315,48.3,8
Oregon,1996,1377760,649641,47.2,7,538152,39.1,
Pennsylvania,1996,4506118,2215819,49.2,23,1801169,40,
Rhode Island,1996,390284,233050,59.7,4,104683,26.8,
South Carolina,1996,1151689,506283,44,,573458,49.8,8
South Dakota,1996,323826,139333,43,,150543,46.5,3
Tennessee,1996,1894105,909146,48,11,863530,45.6,
Texas,1996,5611644,2459683,43.8,,2736167,48.8,32
Utah,1996,665629,221633,33.3,,361911,54.4,5
Vermont,1996,258449,137894,53.4,3,80352,31.1,
Virginia,1996,2416642,1091060,45.1,,1138350,47.1,13
Washington,1996,2253837,1123323,49.8,11,840712,37.3,
West Virginia,1996,636459,327812,51.5,5,233946,36.8,
Wisconsin,1996,2196169,1071971,48.8,11,845029,38.5,
Wyoming,1996,211571,77934,36.8,,105388,49.8,3
Alabama,1992,1688060,690080,40.9,,804283,47.6,9
Alaska,1992,258506,78294,30.3,,102000,39.5,3
Arizona,1992,1486975,543050,36.5,,572086,38.5,8
Arkansas,1992,950653,505823,53.2,6,337324,35.5,
California,1992,11131721,5121325,46,54,3630574,32.6,
Colorado,1992,1569180,629681,40.1,8,562850,35.9,
Connecticut,1992,1616332,682318,42.2,8,578313,35.8,
Delaware,1992,289735,126054,43.5,3,102313,35.3,
Dist. of Col.,1992,227572,192619,84.6,3,20698,9.1,
Florida,1992,5314392,2072698,39,,2173310,40.9,25
Georgia,1992,2321125,1008966,43.5,13,995252,42.9,
Hawaii,1992,372842,179310,48.1,4,136822,36.7,
Idaho,1992,482142,137013,28.4,,202645,42,4
Illinois,1992,5050157,2453350,48.6,22,1734096,34.3,
Indiana,1992,2305871,848420,36.8,,989375,42.9,12
Iowa,1992,1354607,586353,43.3,7,504891,37.3,
Kansas,1992,1157335,390434,33.7,,449951,38.9,6
Kentucky,1992,1492900,665104,44.6,8,617178,41.3,
Louisiana,1992,1790017,815971,45.6,9,733386,41,
Maine,1992,679499,263420,38.8,4,206504,30.4,
Maryland,1992,1985046,988571,49.8,10,707094,35.6,
Massachusetts,1992,2773700,1318662,47.5,12,805049,29,
Michigan,1992,4274673,1871182,43.8,18,1554940,36.4,
Minnesota,1992,2347948,1020997,43.5,10,747841,31.9,
Mississippi,1992,981793,400258,40.8,,487793,49.7,7
Missouri,1992,2391565,1053873,44.1,11,811159,33.9,
Montana,1992,410611,154507,37.6,3,144207,35.1,
Nebraska,1992,737546,216864,29.4,,343678,46.6,5
Nevada,1992,506318,189148,37.4,4,175828,34.7,
New Hampshire,1992,537943,209040,38.9,4,202484,37.6,
New Jersey,1992,3343594,1436206,43,15,1356865,40.6,
New Mexico,1992,569986,261617,45.9,5,212824,37.3,
New York,1992,6926925,3444450,49.7,33,2346649,33.9,
North Carolina,1992,2611850,1114042,42.7,,1134661,43.4,14
North Dakota,1992,308133,99168,32.2,,136244,44.2,3
Ohio,1992,4939967,1984942,40.2,21,1894310,38.3,
Oklahoma,1992,1390359,473066,34,,592929,42.6,8
Oregon,1992,1462643,621314,42.5,7,475757,32.5,
Pennsylvania,1992,4959810,2239164,45.1,23,1791841,36.1,
Rhode Island,1992,453477,213299,47,4,131601,29,
South Carolina,1992,1202527,479514,39.9,,577507,48,8
South Dakota,1992,336254,124888,37.1,,136718,40.7,3
Tennessee,1992,1982638,933521,47.1,11,841300,42.4,
Texas,1992,6154018,2281815,37.1,,2496071,40.6,32
Utah,1992,743999,183429,24.7,,322632,43.4,5
Vermont,1992,289701,133592,46.1,3,88122,30.4,
Virginia,1992,2558665,1038650,40.6,,1150517,45,13
Washington,1992,2288230,993037,43.4,11,731234,32,
West Virginia,1992,683762,331001,48.4,5,241974,35.4,
Wisconsin,1992,2531114,1041066,41.1,11,930855,36.8,
Wyoming,1992,200598,68160,34,,79347,39.6,3
Alabama,1988,1378476,549506,39.9,,815576,59.2,9
Alaska,1988,200116,72584,36.3,,119251,59.6,3
Arizona,1988,1171873,454029,38.7,,702541,60,7
Arkansas,1988,827738,349237,42.2,,466578,56.4,6
California,1988,9887065,4702233,47.6,,5054917,51.1,47
Colorado,1988,1372394,621453,45.3,,728177,53.1,8
Connecticut,1988,1443394,676584,46.9,,750241,52,8
Delaware,1988,249891,108647,43.5,,139639,55.9,3
Dist. of Col.,1988,192877,159407,82.6,3,27590,14.3,
Florida,1988,4302313,1656701,38.5,,2618885,60.9,21
Georgia,1988,1809672,714792,39.5,,1081331,59.8,12
Hawaii,1988,354461,192364,54.3,4,158625,44.8,
Idaho,1988,408968,147272,36,,253881,62.1,4
Illinois,1988,4559120,2215940,48.6,,2310939,50.7,24
Indiana,1988,2168621,860643,39.7,,1297763,59.8,12
Iowa,1988,1225614,670557,54.7,8,545355,44.5,
Kansas,1988,993044,422636,42.6,,554049,55.8,7
Kentucky,1988,1322517,580368,43.9,,734281,55.5,9
Louisiana,1988,1628202,717460,44.1,,883702,54.3,10
Maine,1988,555035,243569,43.9,,307131,55.3,4
Maryland,1988,1714358,826304,48.2,,876167,51.1,10
Massachusetts,1988,2632805,1401415,53.2,13,1194635,45.4,
Michigan,1988,3669163,1675783,45.7,,1965486,53.6,20
Minnesota,1988,2096790,1109471,52.9,10,962337,45.9,
Mississippi,1988,931527,363921,39.1,,557890,59.9,7
Missouri,1988,2093713,1001619,47.8,,1084953,51.8,11
Montana,1988,365674,168936,46.2,,190412,52.1,4
Nebraska,1988,661465,259235,39.2,,397956,60.2,5
Nevada,1988,350067,132738,37.9,,206040,58.9,4
New Hampshire,1988,451074,163696,36.3,,281537,62.4,4
New Jersey,1988,3099553,1320352,42.6,,1743192,56.2,16
New Mexico,1988,521287,244497,46.9,,270341,51.9,5
New York,1988,6485683,3347882,51.6,36,3081871,47.5,
North Carolina,1988,2134370,890167,41.7,,1237258,58,13
North Dakota,1988,297261,127739,43,,166559,56,3
Ohio,1988,4393699,1939629,44.1,,2416549,55,23
Oklahoma,1988,1171036,483423,41.3,,678367,57.9,8
Oregon,1988,1201694,616206,51.3,7,560126,46.6,
Pennsylvania,1988,4536251,2194944,48.4,,2300087,50.7,25
Rhode Island,1988,404620,225123,55.6,4,177761,43.9,
South Carolina,1988,986009,370554,37.6,,606443,61.5,8
South Dakota,1988,312991,145560,46.5,,165415,52.8,3
Tennessee,1988,1636250,679794,41.5,,947233,57.9,11
Texas,1988,5427410,2352748,43.3,,3036829,56,29
Utah,1988,647008,207343,32,,428442,66.2,5
Vermont,1988,243328,115775,47.6,,124331,51.1,3
Virginia,1988,2191609,859799,39.2,,1309162,59.7,12
Washington,1988,1865253,933516,50,10,903835,48.5,
West Virginia,1988,653311,341016,52.2,5,310065,47.5,
Wisconsin,1988,2191608,1126794,51.4,11,1047499,47.8,
Wyoming,1988,176551,67113,38,,106867,60.5,3
Alabama,1984,1441713,551899,38.3,,872849,60.5,9
Alaska,1984,207605,62007,29.9,,138377,66.7,3
Arizona,1984,1025897,333854,32.5,,681416,66.4,7
Arkansas,1984,884406,338646,38.3,,534774,60.5,6
California,1984,9505423,3922519,41.3,,5467009,57.5,47
Colorado,1984,1295380,454975,35.1,,821817,63.4,8
Connecticut,1984,1466900,569597,38.8,,890877,60.7,8
Delaware,1984,254572,101656,39.9,,152190,59.8,3
Dist. of Col.,1984,211288,180408,85.4,3,29009,13.7,
Florida,1984,4180051,1448816,34.7,,2730350,65.3,21
Georgia,1984,1776120,706628,39.8,,1068722,60.2,12
Hawaii,1984,335846,147154,43.8,,185050,55.1,4
Idaho,1984,411144,108510,26.4,,297523,72.4,4
Illinois,1984,4819088,2086499,43.3,,2707103,56.2,24
Indiana,1984,2233069,841481,37.7,,1377230,61.7,12
Iowa,1984,1319805,605620,45.9,,703088,53.3,8
Kansas,1984,1021991,333149,32.6,,677296,66.3,7
Kentucky,1984,1369345,539539,39.4,,821702,60,9
Louisiana,1984,1706822,651586,38.2,,1037299,60.8,10
Maine,1984,553144,214515,38.8,,336500,60.8,4
Maryland,1984,1675873,787935,47,,879918,52.5,10
Massachusetts,1984,2559453,1239606,48.4,,1310936,51.2,13
Michigan,1984,3801658,1529638,40.2,,2251571,59.2,20
Minnesota,1984,2084449,1036364,49.7,10,1032603,49.5,
Mississippi,1984,941104,352192,37.4,,582377,61.9,7
Missouri,1984,2122783,848583,40,,1274188,60,11
Montana,1984,384377,146742,38.2,,232450,60.5,4
Nebraska,1984,652090,187866,28.8,,460054,70.6,5
Nevada,1984,286667,91655,32,,188770,65.8,4
New Hampshire,1984,389066,120395,30.9,,267051,68.6,4
New Jersey,1984,3217862,1261323,39.2,,1933630,60.1,16
New Mexico,1984,514370,201769,39.2,,307101,59.7,5
New York,1984,6806810,3119609,45.8,,3664763,53.8,36
North Carolina,1984,2175361,824287,37.9,,1346481,61.9,13
North Dakota,1984,308971,104429,33.8,,200336,64.8,3
Ohio,1984,4547619,1825440,40.1,,2678560,58.9,23
Oklahoma,1984,1255676,385080,30.7,,861530,68.6,8
Oregon,1984,1226527,536479,43.7,,685700,55.9,7
Pennsylvania,1984,4844903,2228131,46,,2584323,53.3,25
Rhode Island,1984,410492,197106,48,,212080,51.7,4
South Carolina,1984,968529,344459,35.6,,615539,63.6,8
South Dakota,1984,317867,116113,36.5,,200267,63,3
Tennessee,1984,1711994,711714,41.6,,990212,57.8,11
Texas,1984,5397571,1949276,36.1,,3433428,63.6,29
Utah,1984,629656,155369,24.7,,469105,74.5,5
Vermont,1984,234561,95730,40.8,,135865,57.9,3
Virginia,1984,2146635,796250,37.1,,1337078,62.3,12
Washington,1984,1883910,807352,42.9,,1051670,55.8,10
West Virginia,1984,735742,328125,44.6,,405483,55.1,6
Wisconsin,1984,2211689,995740,45,,1198584,54.2,11
Wyoming,1984,188968,53370,28.2,,133241,70.5,3
Alabama,1980,1341929,636730,47.4,,654192,48.8,9
Alaska,1980,158445,41842,26.4,,86112,54.3,3
Arizona,1980,873945,246843,28.2,,529688,60.6,6
Arkansas,1980,837582,398041,47.5,,403164,48.1,6
California,1980,8587063,3083661,35.9,,4524858,52.7,45
Colorado,1980,1184415,367973,31.1,,652264,55.1,7
Connecticut,1980,1406285,541732,38.5,,677210,48.2,8
Delaware,1980,235900,105754,44.8,,111252,47.2,3
Dist. of Col.,1980,175237,131113,74.8,3,23545,13.4,
Florida,1980,3686930,1419475,38.5,,2046951,55.5,17
Georgia,1980,1596695,890733,55.8,12,654168,41,
Hawaii,1980,303287,135879,44.8,4,130112,42.9,
Idaho,1980,437431,110192,25.2,,290699,66.5,4
Illinois,1980,4749721,1981413,41.7,,2358049,49.6,26
Indiana,1980,2242033,844197,37.7,,1255656,56,13
Iowa,1980,1317661,508672,38.6,,676026,51.3,8
Kansas,1980,979795,326150,33.3,,566812,57.9,7
Kentucky,1980,1294627,616417,47.6,,635274,49.1,9
Louisiana,1980,1548591,708453,45.7,,792853,51.2,10
Maine,1980,523011,220974,42.3,,238522,45.6,4
Maryland,1980,1540496,726161,47.1,10,680606,44.2,
Massachusetts,1980,2522890,1053802,41.7,,1057631,41.9,14
Michigan,1980,3909725,1661532,42.5,,1915225,49,21
Minnesota,1980,2051980,954174,46.5,10,873268,42.6,
Mississippi,1980,892620,429281,48.1,,441089,49.4,7
Missouri,1980,2099824,931182,44.3,,1074181,51.2,12
Montana,1980,363952,118032,32.4,,206814,56.8,4
Nebraska,1980,640854,166851,26,,419937,65.5,5
Nevada,1980,247885,66666,26.9,,155017,62.5,3
New Hampshire,1980,383990,108864,28.4,,221705,57.7,4
New Jersey,1980,2975684,1147364,38.6,,1546557,52,17
New Mexico,1980,456971,167826,36.7,,250779,54.9,4
New York,1980,6201959,2728372,44,,2893831,46.7,41
North Carolina,1980,1855833,875635,47.2,,915018,49.3,13
North Dakota,1980,301545,79189,26.3,,193695,64.2,3
Ohio,1980,4283603,1752414,40.9,,2206545,51.5,25
Oklahoma,1980,1149708,402026,35,,695570,60.5,8
Oregon,1980,1181516,456890,38.7,,571044,48.3,6
Pennsylvania,1980,4561501,1937540,42.5,,2261872,49.6,27
Rhode Island,1980,416072,198342,47.7,4,154793,37.2,
South Carolina,1980,894071,430385,48.1,,441841,49.4,8
South Dakota,1980,327703,103855,31.7,,198343,60.5,4
Tennessee,1980,1617616,783051,48.4,,787761,48.7,10
Texas,1980,4541636,1881147,41.4,,2510705,55.3,26
Utah,1980,604222,124266,20.6,,439687,72.8,4
Vermont,1980,213299,81952,38.4,,94628,44.4,3
Virginia,1980,1866032,752174,40.3,,989609,53,12
Washington,1980,1742394,650193,37.3,,865244,49.7,9
West Virginia,1980,737715,367462,49.8,6,334206,45.3,
Wisconsin,1980,2273221,981584,43.2,,1088845,47.9,11
Wyoming,1980,176713,49427,28,,110700,62.6,3
Alabama,1976,1182850,659170,55.7,9,504070,42.6,
Alaska,1976,123574,44058,35.7,,71555,57.9,3
Arizona,1976,742719,295602,39.8,,418642,56.4,6
Arkansas,1976,767535,498604,65,6,267903,34.9,
California,1976,7867117,3742284,47.6,,3882244,49.3,45
Colorado,1976,1081554,460353,42.6,,584367,54,7
Connecticut,1976,1381526,647895,46.9,,719261,52.1,8
Delaware,1976,235834,122596,52,3,109831,46.6,
Dist. of Col.,1976,168830,137818,81.6,3,27873,16.5,
Florida,1976,3150631,1636000,51.9,17,1469531,46.6,
Georgia,1976,1467458,979409,66.7,12,483743,33,
Hawaii,1976,291301,147375,50.6,4,140003,48.1,
Idaho,1976,344071,126549,36.8,,204151,59.3,4
Illinois,1976,4718914,2271295,48.1,,2364269,50.1,26
Indiana,1976,2220362,1014714,45.7,,1183958,53.3,13
Iowa,1976,1279306,619931,48.5,,632863,49.5,8
Kansas,1976,957845,430421,44.9,,502752,52.5,7
Kentucky,1976,1167142,615717,52.8,9,531852,45.6,
Louisiana,1976,1278439,661365,51.7,10,587446,46,
Maine,1976,483216,232279,48.1,,236320,48.9,4
Maryland,1976,1439897,759612,52.8,10,672661,46.7,
Massachusetts,1976,2547558,1429475,56.1,14,1030276,40.4,
Michigan,1976,3653749,1696714,46.4,,1893742,51.8,21
Minnesota,1976,1949931,1070440,54.9,10,819395,42,
Mississippi,1976,769361,381309,49.6,7,366846,47.7,
Missouri,1976,1953600,998387,51.1,12,927443,47.5,
Montana,1976,328734,149259,45.4,,173703,52.8,4
Nebraska,1976,607668,233692,38.5,,359705,59.2,5
Nevada,1976,201876,92479,45.8,,101273,50.2,3
New Hampshire,1976,339618,147635,43.5,,185935,54.7,4
New Jersey,1976,3014472,1444653,47.9,,1509688,50.1,17
New Mexico,1976,418409,201148,48.1,,211419,50.5,4
New York,1976,6534170,3389558,51.9,41,3100791,47.5,
North Carolina,1976,1678914,927365,55.2,13,741960,44.2,
North Dakota,1976,297188,136078,45.8,,153470,51.6,3
Ohio,1976,4111873,2011621,48.9,25,2000505,48.7,
Oklahoma,1976,1092251,532442,48.7,,545708,50,8
Oregon,1976,1029876,490407,47.6,,492120,47.8,6
Pennsylvania,1976,4620787,2328677,50.4,27,2205604,47.7,
Rhode Island,1976,411170,227636,55.4,4,181249,44.1,
South Carolina,1976,802583,450807,56.2,8,346149,43.1,
South Dakota,1976,300678,147068,48.9,,151505,50.4,4
Tennessee,1976,1476345,825879,55.9,10,633969,42.9,
Texas,1976,4071884,2082319,51.1,26,1953300,48,
Utah,1976,541198,182110,33.6,,337908,62.4,4
Vermont,1976,187765,80954,43.1,,102085,54.4,3
Virginia,1976,1697094,813896,48,,836554,49.3,12
Washington,1976,1555534,717323,46.1,,777732,50,8
West Virginia,1976,750964,435914,58,6,314760,41.9,
Wisconsin,1976,2104175,1040232,49.4,11,1004987,47.8,
Wyoming,1976,156343,62239,39.8,,92717,59.3,3
Alabama,1972,1006111,256923,25.5,,728701,72.4,9
Alaska,1972,95219,32967,34.6,,55349,58.1,3
Arizona,1972,622926,198540,31.9,,402812,64.7,6
Arkansas,1972,651320,199892,30.7,,448541,68.9,6
California,1972,8367862,3475847,41.5,,4602096,55,45
Colorado,1972,953884,329980,34.6,,597189,62.6,7
Connecticut,1972,1384277,555498,40.1,,810763,58.6,8
Delaware,1972,235516,92283,39.2,,140357,59.6,3
Dist. of Col.,1972,163421,127627,78.1,3,35226,21.6,
Florida,1972,2583283,718117,27.8,,1857759,71.9,17
Georgia,1972,1174772,289529,24.6,,881496,75,12
Hawaii,1972,270274,101409,37.5,,168865,62.5,4
Idaho,1972,310379,80826,26,,199384,64.2,4
Illinois,1972,4723236,1913472,40.5,,2788179,59,26
Indiana,1972,2125529,708568,33.3,,1405154,66.1,13
Iowa,1972,1225944,496206,40.5,,706207,57.6,8
Kansas,1972,916095,270287,29.5,,619812,67.7,7
Kentucky,1972,1067499,371159,34.8,,676446,63.4,9
Louisiana,1972,1051491,298142,28.4,,686852,65.3,10
Maine,1972,417042,160584,38.5,,256458,61.5,4
Maryland,1972,1353812,505781,37.4,,829305,61.3,10
Massachusetts,1972,2458756,1332540,54.2,14,1112078,45.2,
Michigan,1972,3489727,1459435,41.8,,1961721,56.2,21
Minnesota,1972,1741652,802346,46.1,,898269,51.6,10
Mississippi,1972,645963,126782,19.6,,505125,78.2,7
Missouri,1972,1855803,697147,37.6,,1153852,62.2,12
Montana,1972,317603,120197,37.8,,183976,57.9,4
Nebraska,1972,576289,169991,29.5,,406298,70.5,5
Nevada,1972,181766,66016,36.3,,115750,63.7,3
New Hampshire,1972,334055,116435,34.9,,213724,64,4
New Jersey,1972,2997229,1102211,36.8,,1845502,61.6,17
New Mexico,1972,386241,141084,36.5,,235606,61,4
New York,1972,7165919,2951084,41.2,,4192778,58.5,41
North Carolina,1972,1518612,438705,28.9,,1054889,69.5,13
North Dakota,1972,280514,100384,35.8,,174109,62.1,3
Ohio,1972,4094787,1558889,38.1,,2441827,59.6,25
Oklahoma,1972,1029900,247147,24,,759025,73.7,8
Oregon,1972,927946,392760,42.3,,486686,52.4,6
Pennsylvania,1972,4592106,1796951,39.1,,2714521,59.1,27
Rhode Island,1972,415808,194645,46.8,,220383,53,4
South Carolina,1972,673960,186824,27.7,,477044,70.8,8
South Dakota,1972,307415,139945,45.5,,166476,54.2,4
Tennessee,1972,1201182,357293,29.7,,813147,67.7,10
Texas,1972,3471281,1154289,33.3,,2298896,66.2,26
Utah,1972,478476,126284,26.4,,323643,67.6,4
Vermont,1972,186947,68174,36.5,,117149,62.7,3
Virginia,1972,1457019,438887,30.1,,988493,67.8,11
Washington,1972,1470847,568334,38.6,,837135,56.9,9
West Virginia,1972,762399,277435,36.4,,484964,63.6,6
Wisconsin,1972,1852890,810174,43.7,,989430,53.4,11
Wyoming,1972,145570,44358,30.5,,100464,69,3
Alabama ,2024,2265090,772412,34.1,,1462616,64.6,9
Alaska ,2024,338177,140026,41.4,,184458,54.5,3
Arizona ,2024,3390161,1582860,46.7,,1770242,52.2,11
Arkansas ,2024,1182676,396905,33.6,,759241,64.2,6
California ,2024,15865475,9276179,58.5,54,6081697,38.3,
Colorado ,2024,3190873,1728159,54.2,10,1377441,43.2,
Connecticut ,2024,1759010,992053,56.4,7,736918,41.9,
Delaware ,2024,511697,289758,56.6,3,214351,41.9,
District of Columbia ,2024,325869,294185,90.3,3,21076,6.5,
Florida ,2024,10893752,4683038,43,,6110125,56.1,30
Georgia ,2024,5250047,2548017,48.5,,2663117,50.7,16
Hawaii ,2024,516701,313044,60.6,4,193661,37.5,
Idaho ,2024,904812,274972,30.4,,605246,66.9,4
Illinois ,2024,5633310,3062863,54.4,19,2449079,43.5,
Indiana ,2024,2936677,1163603,39.6,,1720347,58.6,11
Iowa ,2024,1663506,707278,42.5,,927019,55.7,6
Kansas ,2024,1327591,544853,41,,758802,57.2,6
Kentucky ,2024,2070101,700921,33.9,,1336230,64.5,8
Louisiana ,2024,2006975,766870,38.2,,1208505,60.2,8
Maine,2024,830989,435351,52.4,2,377837,45.5,
ME-1,2024,429577,255427,59.5,1,164616,38.3,
ME-2,2024,401412,179924,44.8,,213221,53.1,1
Maryland ,2024,3038334,1902577,62.6,10,1035550,34.1,
Massachusetts ,2024,3473653,2126545,61.2,11,1251308,36,
Michigan ,2024,5664186,2736533,48.3,,2816636,49.7,15
Minnesota ,2024,3253920,1656979,50.9,10,1519032,46.7,
Mississippi ,2024,1228008,466668,38,,747744,60.9,6
Missouri ,2024,2995327,1200599,40.1,,1751986,58.5,10
Montana ,2024,602984,231906,38.5,,352079,58.4,4
Nebraska,2024,952182,369995,38.9,,564816,59.3,2
NE-1,2024,320194,136153,42.5,,177666,55.5,1
NE-2,2024,318646,163541,51.3,1,148905,46.7,
NE-3 ,2024,313342,70301,22.4,,238245,76,1
Nevada ,2024,1484840,705197,47.5,,751205,50.6,6
New Hampshire ,2024,826189,418488,50.7,4,395523,47.9,
New Jersey ,2024,4272725,2220713,52,14,1968215,46.1,
New Mexico ,2024,923403,478802,51.9,5,423391,45.9,
New York ,2024,8262495,4619195,55.9,28,3578899,43.3,
North Carolina ,2024,5699145,2715378,47.7,,2898424,50.9,16
North Dakota ,2024,368155,112327,30.5,,246505,67,3
Ohio ,2024,5767788,2533699,43.9,,3180116,55.1,17
Oklahoma ,2024,1566173,499599,31.9,,1036213,66.2,7
Oregon ,2024,2244493,1240600,55.3,8,919480,41,
Pennsylvania ,2024,7034206,3423042,48.7,,3543308,50.4,19
Rhode Island ,2024,513386,285156,55.5,4,214406,41.8,
South Carolina ,2024,2548140,1028452,40.4,,1483747,58.2,9
South Dakota ,2024,428922,146859,34.2,,272081,63.4,3
Tennessee ,2024,3063942,1056265,34.5,,1966865,64.2,11
Texas ,2024,11388674,4835250,42.5,,6393597,56.1,40
Utah ,2024,1488043,562566,37.8,,883818,59.4,6
Vermont ,2024,369422,235791,63.2,3,119395,32,
Virginia ,2024,4505941,2335395,51.8,13,2075085,46.1,
Washington ,2024,3924243,2245849,57.2,12,1530923,39,
West Virginia ,2024,762390,214309,28.1,,533556,70,4
Wisconsin ,2024,3422918,1668229,48.7,,1697626,49.6,10
Wyoming ,2024,269048,69527,25.8,,192633,71.6,3
