cname,ccode,ti_cpi,vdem_academ,wdi_fertility,wdi_afp,bl_asymf,wdi_expedu,wdi_elprodcoal,wef_iu,wdi_foodins,ht_colonial,lp_legor,cai_foetal,cai_mental,cai_physical,ccp_initiat,ccp_market,h_j,wdi_homicides,ccp_strike,wdi_lfpr,br_pvote,br_elect,van_part,bmr_demdur,fh_polity2,vdem_polyarchy,mad_gdppc,top_top1_income_share,wef_sp
Afghanistan,4,16,0.5600000023841858,4.473000049591064,2.644596815109253,4.8260002,4.0588698387146,NA,NA,17.29999923706055,0,2,0,0,0,2,2,0,6.655560970306396,3,50.34999847412109,0,2,19.63999938964844,219,3.5,0.3440000116825104,1934.555053710938,0.1525,NA
Albania,8,36,0.8759999871253967,1.616999983787537,0.6428240537643433,10.972,3.611720085144043,0,71.84703826904297,10,0,3,1,1,1,1,1,0,2.28949236869812,1,68.31999969482422,1,3,52.79999923706055,22,8.083333,0.5199999809265137,11104.166015625,0.090800002,57.33333206176758
Algeria,12,35,0.3379999995231628,3.023000001907349,2.517998456954956,7.71,NA,0,59.57968521118164,9.300000190734863,6,2,0,1,1,2,2,0,1.36427640914917,1,46.40999984741211,1,2,25.09000015258789,57,4.25,0.3009999990463257,14228.025390625,0.099100001,139.6666717529297
Andorra,20,NA,NA,NA,NA,NA,3.2467200756073,NA,NA,NA,0,2,0,0,0,2,2,NA,0,3,NA,NA,NA,20.60000038146973,25,NA,NA,NA,NA,NA
Angola,24,19,0.4399999976158142,5.519000053405762,0.92084938287735,NA,NA,0,14.33907890319824,24,7,2,0,0,0,2,1,0,NA,2,78.029998779296875,1,2,24.20000076293945,44,3.25,0.3700000047683716,7771.44189453125,0.25979999,42
Antigua and Barbuda,28,NA,NA,1.99399995803833,NA,NA,NA,NA,NA,NA,5,NA,0,0,0,2,2,NA,NA,3,NA,0,3,41.40000152587891,15,NA,NA,NA,NA,NA
Azerbaijan,31,25,0.0769999995827675,1.730000019073486,1.609662652015686,NA,2.455430030822754,0,79.79999542236328,0,0,NA,1,1,1,1,1,0,2.201107501983643,1,72.160003662109375,0,2,34.40000152587891,28,1.1666666,0.1969999969005585,16628.0546875,0.14309999,88.66666412353516
Argentina,32,40,0.9350000023841858,2.260999917984009,0.5118802189826965,10.206,5.462230205535889,2.02956748008728,74.29490661621094,12.89999961853027,2,2,0,0,1,1,2,0,5.324478626251221,1,69.20999908447266,1,3,58.61999893188477,36,8.916666,0.7789999842643738,18556.3828125,0.1534,364.6666564941406
Australia,36,77,0.847000002861023,1.740000009536743,0.4383696019649506,12.457,5.124249935150146,62.87161636352539,86.54505157470703,3.799999952316284,0,1,1,1,1,2,2,1,0.8916323781013489,3,78.06999969482422,0,3,60.77999877929688,118,10,0.8650000095367432,49830.80078125,0.1292,852.33331298828125
Austria,40,76,0.9729999899864196,1.470000028610229,0.496608167886734,10.779,5.358039855957031,8.2266082763671875,87.71046447753906,1.100000023841858,0,4,1,1,1,1,2,1,0.9672285914421082,3,76.62999725341797,1,3,58.4900016784668,73,10,0.8460000157356262,42988.0703125,0.099200003,579
Bahamas (the),44,65,NA,1.751999974250793,0.5749464631080627,NA,NA,NA,NA,NA,5,1,1,1,1,2,2,1,31.95817184448242,3,81.339996337890625,0,3,48.84999847412109,46,NA,NA,NA,0.1972,NA
Bahrain,48,36,0.0410000011324883,1.986999988555908,2.070920467376709,9.4530001,2.327810049057007,0,98.6434326171875,NA,5,1,1,1,1,2,2,0,NA,3,74.62999725341797,0,2,14,48,0.41666666,0.119999997317791,39498.765625,0.24969999,69.33333587646484
Bangladesh,50,26,0.2230000048875809,2.03600001335144,0.3298017084598541,6.8579998,1.326320052146912,1.689515471458435,15,10.60000038146973,5,1,0,0,0,2,2,0,2.373328685760498,3,61.40000152587891,0,2,28.8799991607666,5,2.6666665,0.2870000004768372,4099.2529296875,0.16329999,168
Armenia,51,35,0.800000011920929,1.754999995231628,3.917756080627441,11.766,2.707590103149414,0,64.74488067626953,1.100000023841858,0,NA,1,1,1,2,96,0,1.693915605545044,1,61.59999847412109,1,3,51.72000122070313,1,6.75,0.4720000028610229,11454.4248046875,0.1785,162.3333282470703
Barbados,52,68,0.9359999895095824,1.61899995803833,0.3927122950553894,9.9040003,4.366380214691162,NA,81.76078033447266,NA,5,1,1,1,1,2,2,NA,9.768350601196287,3,77.7300033569336,0,3,53.81000137329102,53,NA,0.7749999761581421,11995.1865234375,NA,76.33333587646484
Belgium,56,75,0.9670000076293944,1.620000004768372,0.618890643119812,11.623,6.412280082702637,6.108011722564697,88.65506744384766,1.100000023841858,0,2,1,1,1,2,2,1,1.690054178237915,3,68.62999725341797,1,3,68.16999816894531,125,9.5,0.890999972820282,39756.203125,0.086000003,703.66668701171875
Bhutan,64,68,0.5410000085830688,1.975000023841858,NA,NA,6.850840091705322,NA,NA,NA,5,1,0,1,0,2,96,0,1.193007349967957,3,69.70999908447266,0,3,17.10000038146973,112,7.166667,0.5260000228881836,NA,0.1417,NA
Bolivia (Plurinational State of),68,29,0.7770000100135803,2.730000019073486,1.262631177902222,9.7910004,NA,0,43.832275390625,NA,2,2,0,1,1,1,2,0,6.218374252319336,1,74.04000091552734,1,3,51.59999847412109,37,7.583333,0.6140000224113464,6695.7744140625,0.1972,110.6666641235352
Bosnia and Herzegovina,70,38,0.7400000095367432,1.264999985694885,0.7956576943397522,NA,NA,63.97722244262695,70.12013244628906,1.5,0,NA,1,1,1,2,1,NA,1.173310279846191,3,56.61999893188477,1,2,51.70000076293945,27,NA,0.5410000085830688,10460.5205078125,0.090499997,80.33333587646484
Botswana,72,61,0.8740000128746033,2.874000072479248,0.8576337695121765,10.318,NA,96.35996246337892,47,21.5,5,1,1,1,1,2,2,0,NA,3,73.06999969482422,0,3,32.40000152587891,53,8.25,0.6859999895095825,15842.1298828125,0.2274,93.66666412353516
Brazil,76,35,0.6330000162124634,1.730000019073486,0.7215121984481812,8.6260004,6.322549819946289,4.722411155700684,67.471282958984375,1.600000023841858,7,2,0,0,0,1,96,0,27.38253021240234,1,70.30999755859375,1,3,55,34,8.666666,0.7620000243186951,14033.5654296875,0.2471,493.3333435058594
Belize,84,NA,NA,2.306999921798706,0.8633888363838196,11.286,7.561490058898926,NA,NA,NA,5,NA,1,1,1,2,2,NA,37.78857040405273,3,67.45999908447266,0,3,41.13999938964844,38,NA,NA,NA,0.1972,NA
Solomon Islands,90,44,0.9079999923706056,4.402999877929688,NA,NA,NA,NA,NA,NA,5,1,0,0,0,2,2,NA,NA,3,85.31999969482422,0,3,42.7599983215332,13,8.666666,0.6029999852180481,NA,NA,NA
Brunei Darussalam,96,63,NA,1.848000049591064,3.730019330978394,9.0760002,4.42540979385376,0,94.60004425048828,NA,5,NA,0,0,0,2,2,1,NA,3,70.1500015258789,0,0,0,34,NA,NA,NA,0.1356,63.33333206176758
Bulgaria,100,42,0.906000018119812,1.559999942779541,1.110465288162231,11.199,4.09250020980835,46.20655822753906,64.782012939453125,1.899999976158142,0,3,1,1,1,2,1,0,1.304666638374329,1,71.66999816894531,1,3,40.7400016784668,29,8.916666,0.6150000095367432,18444.259765625,0.1822,220.6666717529297
Myanmar,104,29,0.4580000042915344,2.154000043869019,2.077611207962036,5.427,1.922889947891235,1.784596085548401,NA,1.899999976158142,5,3,0,0,0,2,1,0,2.258451223373413,3,66.470001220703125,0,2,22.79999923706055,57,6.1666665,0.414000004529953,5838.21728515625,0.1709,NA
Burundi,108,17,0.1589999943971634,5.409999847412109,1.058607220649719,3.4349999,5.078649997711182,NA,2.660748481750488,NA,8,2,0,1,1,2,2,1,6.054537296295166,1,79.94000244140625,1,2,32.47000122070313,4,2.6666667,0.1580000072717667,651.35888671875,0.14740001,38.33333206176758
Belarus,112,44,0.1990000009536743,1.447999954223633,3.053529024124146,NA,4.794990062713623,0,NA,NA,0,NA,1,1,1,2,2,0,2.390872716903687,1,78.19999694824219,0,2,64.01000213623047,25,1.1666666,0.2540000081062317,18727.318359375,0.102,NA
Cambodia,116,20,0.3810000121593475,2.503000020980835,2.082702159881592,4.8730001,2.162859916687012,48.39663314819336,40,13.60000038146973,6,3,1,1,1,2,1,0,NA,1,84.94000244140625,1,2,43.40000152587891,64,2.75,0.2179999947547913,3628.56103515625,0.1856,92.66666412353516
Cameroon,120,25,0.3190000057220459,4.572000026702881,0.3120684623718262,7.1240001,3.131200075149536,0,23.20297241210938,26.70000076293945,6,2,0,1,1,2,2,0,1.3880934715271,1,76.98999786376953,0,2,14.5,59,2.3333333,0.3120000064373016,2888.0458984375,0.1585,114.3333358764648
Canada,124,81,0.9190000295639038,1.498800039291382,0.3557753264904022,12.876,NA,9.83644962310791,91,0.699999988079071,0,1,1,1,1,2,2,1,1.755921125411987,3,78.470001220703125,0,3,50.40999984741211,152,10,0.8489999771118164,44868.7421875,0.14929999,1032.666625976563
Cabo Verde,132,57,0.8029999732971191,2.273999929428101,0.5139362215995789,NA,5.181749820709229,NA,58.17137145996094,8.600000381469727,7,2,1,1,1,1,1,NA,6.804422378540039,2,63.72999954223633,1,3,41.81999969482422,28,10,0.7580000162124634,6831.2158203125,0.1391,23
Central African Republic (the),140,26,0.6570000052452087,4.721000194549561,0.5414913296699524,4.112,NA,NA,NA,61.79999923706055,6,2,0,0,0,2,96,0,20.12040138244629,2,72.80000305175781,0,2,16,16,4,0.4050000011920929,623.4888916015625,0.31,NA
Sri Lanka,144,38,0.7329999804496765,2.198999881744385,3.645272970199585,11.127,2.124209880828857,33.70505142211914,34.11334609985352,NA,5,1,0,0,0,2,2,0,2.421243667602539,3,57.93000030517578,1,3,57.09999847412109,4,6.916667,0.628000020980835,11662.90625,0.20640001,147.6666717529297
Chad,148,19,0.5559999942779541,5.747000217437744,0.5674445629119873,NA,2.454819917678833,NA,6.499998092651367,NA,6,2,1,0,1,2,2,0,NA,1,70.86000061035156,0,2,34.79000091552734,59,2.4166667,0.2639999985694885,2046.363159179688,0.15710001,38.33333206176758
Chile,152,67,0.9589999914169312,1.64900004863739,1.301122784614563,10.639,5.419459819793701,37.14433670043945,82.327484130859375,3.599999904632568,2,2,0,0,0,2,2,1,4.404894351959229,2,68.95999908447266,1,3,37.68000030517578,29,10,0.8629999756813049,22104.765625,0.2647,319.3333435058594
China,156,39,0.096000000834465,1.690000057220459,0.3428813815116882,8.71,3.511773586273193,70.3094253540039,54.29999923706055,NA,0,3,1,1,1,2,1,0,0.5270907878875732,3,76.0199966430664,1,0,0,219,1.1666666,0.0769999995827675,13101.7060546875,0.14,720.33331298828125
Taiwan (Province of China),158,63,0.8970000147819519,NA,NA,12.356,NA,NA,92.7819595336914,NA,0,4,NA,NA,NA,1,2,1,NA,3,NA,0,3,52.79999923706055,23,10,0.8399999737739563,44663.86328125,0.1451,439.3333435058594
Colombia,170,36,0.7039999961853027,1.807000041007996,1.834122061729431,9.5190001,4.457489967346191,11.85215282440186,62.25988006591797,NA,2,2,1,1,1,1,1,0,25.34380340576172,1,73.5999984741211,1,3,39.77000045776367,61,7.583333,0.6489999890327454,13545.0498046875,0.1885,237.3333282470703
Comoros (the),174,27,0.7860000133514404,4.204999923706055,NA,NA,2.5450599193573,NA,NA,NA,6,NA,0,1,1,2,1,1,NA,2,46.47000122070313,0,3,30.6200008392334,1,4.25,0.4420000016689301,1724.420654296875,0.1415,NA
Congo (the),178,19,0.4670000076293945,4.427999973297119,0.5649318695068359,6.3280001,3.51104998588562,0,NA,51.09999847412109,6,2,0,0,0,2,2,0,NA,2,70.4800033569336,0,2,28.60000038146973,56,2.3333333,0.2509999871253967,5714.591796875,0.2052,NA
Congo (the Democratic Republic of the),180,20,0.3030000030994415,5.919000148773193,0.4656762778759003,6.7340002,1.454949975013733,0,8.619904518127441,38.5,8,2,0,0,0,2,2,0,NA,1,64.18000030517578,1,2,26.3700008392334,59,2.1666667,0.3149999976158142,859.3817138671875,0.1463,55.66666793823242
Costa Rica,188,56,0.9350000023841858,1.753999948501587,0.4088740348815918,8.5740004,6.978569984436035,0,74.08679962158203,2.400000095367432,2,2,0,1,1,1,2,0,11.26125431060791,1,68.61000061035156,1,3,44.4900016784668,70,10,0.8949999809265137,14686.25390625,0.2097,163
Croatia,191,48,0.8730000257492065,1.470000028610229,1.014020800590515,11.984,3.917129993438721,20.55525970458984,72.68877410888672,0.8999999761581421,0,NA,1,1,1,2,1,1,0.5774217844009399,1,66.58000183105469,1,3,51.59999847412109,19,9.333334,0.7319999933242798,22012.314453125,0.1039,238.6666717529297
Cuba,192,47,0.1169999986886978,1.618000030517578,1.489189028739929,11.096,NA,0,NA,NA,2,3,1,1,1,1,1,0,5.046268463134766,3,64.26000213623047,0,1,64.43000030517578,66,1.6666666,0.181999996304512,8325.630859375,0.1453,NA
Cyprus,196,59,0.9580000042915344,1.328999996185303,2.557009220123291,11.948,5.777190208435059,0,84.43358612060547,NA,5,1,1,1,1,2,2,1,1.261286377906799,1,74.05000305175781,1,3,30.97999954223633,43,10,0.8560000061988831,27184.416015625,0.1173,170
Czechia,203,59,0.9419999718666076,1.710000038146973,0.4079448580741882,12.924,3.854020118713379,53.06114959716797,80.68816375732422,0,0,NA,1,1,1,2,2,1,0.6202405691146851,1,76.79000091552734,1,3,48.5,26,9.75,0.8119999766349792,30748.5078125,0.102,396.6666564941406
Benin,204,40,0.7960000038146973,4.835999965667725,0.2617996335029602,5.5149999,2.933969974517822,0,20,NA,6,2,1,1,1,96,2,NA,1.127497434616089,1,71.66999816894531,0,3,29.60000038146973,28,8.416666,0.6290000081062317,2220.176513671875,0.1751,81.33333587646484
Denmark,208,88,0.9409999847412108,1.730000019073486,0.4861738979816437,12.866,7.816080093383789,24.54485702514648,97.64427185058594,1.100000023841858,0,5,1,1,1,96,2,1,1.00832200050354,3,78.19999694824219,1,3,63.93000030517578,74,10,0.912999987602234,46312.34375,0.1237,662
Dominica,212,57,NA,NA,NA,NA,5.573450088500977,NA,NA,NA,5,1,0,0,0,2,2,0,26.58830070495605,3,NA,0,3,54.09000015258789,41,NA,NA,9021.173828125,NA,NA
Dominican Republic (the),214,30,0.8399999737739563,2.345999956130981,1.412685513496399,9.7259998,NA,12.85691070556641,74.82428741455078,NA,2,2,0,0,0,2,1,0,10.04973411560059,2,69.839996337890625,1,3,44.22000122070313,53,7.583333,0.5249999761581421,15912.3994140625,0.1972,62
Ecuador,218,34,0.8510000109672546,2.427000045776367,0.4931338429450989,9.2519999,4.998700141906738,0,57.27224349975586,9.899999618530272,2,2,0,1,1,1,96,0,5.8006272315979,2,71.029998779296875,1,3,68.94000244140625,16,7.083333,0.6740000247955322,10638.8251953125,0.1122,137.3333282470703
El Salvador,222,35,0.8330000042915344,2.039000034332275,1.505186200141907,7.7470002,3.592420101165771,0,33.82072830200195,14.60000038146973,2,2,0,0,0,2,2,0,52.01892471313477,1,62.84999847412109,1,3,43.5,35,8.25,0.6430000066757202,8598.1982421875,0.13,55.66666793823242
Equatorial Guinea,226,16,0.0780000016093254,4.513000011444092,0.2850918471813202,NA,NA,NA,NA,NA,2,2,0,1,1,2,1,0,NA,1,63.02000045776367,1,1,23.5,51,1,0.1809999942779541,28528.953125,0.1759,NA
Ethiopia,231,34,0.4460000097751617,4.247000217437744,0.2684785723686218,NA,4.737919807434082,0,18.61805152893066,14.10000038146973,0,NA,1,1,1,2,2,1,NA,1,81.51000213623047,0,2,34.40000152587891,26,3.5833333,0.2790000140666962,1838.490356445313,0.1382,125.3333358764648
Eritrea,232,24,0.0209999997168779,4.056000232696533,12.69433212280273,NA,NA,0,NA,NA,5,NA,1,1,1,2,2,0,NA,3,81.45999908447266,NA,0,0,26,0.75,0.0689999982714653,NA,0.1382,NA
Estonia,233,73,0.9700000286102296,1.669999957084656,0.9492855072021484,12.411,4.973380088806152,5.327829360961914,89.35700988769531,0.8999999761581421,0,NA,1,1,1,2,2,1,2.116541385650635,1,79.12000274658203,1,3,43.93999862670898,28,9.75,0.9010000228881836,27408.6640625,0.1302,234.6666717529297
Fiji,242,55,0.3569999933242798,2.773999929428101,1.124133229255676,10.178,NA,NA,NA,2,5,1,1,1,1,2,2,1,NA,2,60.36999893188477,1,2,55.36999893188477,5,6.333333,0.4149999916553497,NA,NA,NA
Finland,246,85,0.9470000267028807,1.409999966621399,0.9188210368156432,11.3,6.37621021270752,8.303569793701172,88.88996124267578,2,0,5,1,1,1,1,2,1,1.629671573638916,3,77.79000091552734,1,3,54.41999816894531,102,10,0.8799999952316284,38896.69921875,0.1049,571
France,250,72,0.8809999823570251,1.879999995231628,1.001357078552246,10.349,5.451600074768066,2.160449028015137,82.04353332519531,0.699999988079071,0,2,1,1,1,1,2,1,1.198636531829834,3,72.01000213623047,0,3,43.68000030517578,73,9.583334,0.8799999952316284,38515.91796875,0.096600004,1027.666625976563
Djibouti,262,31,0.2949999868869781,2.727999925613403,3.305594205856323,NA,3.627739906311035,NA,NA,NA,6,2,0,0,0,2,2,0,NA,1,63.75,0,2,12.94999980926514,42,4.5,0.257999986410141,3295.681396484375,0.1586,NA
Gabon,266,31,0.847000002861023,3.969000101089478,0.953514039516449,9.3789997,NA,0,62,NA,6,2,0,0,0,2,2,0,NA,96,54.47999954223633,0,2,17.76000022888184,59,4.0833335,0.3919999897480011,17613.556640625,0.1102,94.33333587646484
Georgia,268,58,0.8600000143051147,2.059999942779541,1.33444881439209,NA,3.521059989929199,0,63.9686279296875,7.300000190734863,0,NA,1,1,1,2,96,0,2.223362445831299,1,70.30000305175781,1,3,42.61999893188477,15,7.583333,0.6909999847412109,11984.9052734375,0.22040001,154
Gambia (the),270,37,0.8159999847412109,5.218999862670898,0.1062015071511269,4.882,2.420300006866455,NA,19.83645439147949,24.60000038146973,5,1,0,1,1,2,2,0,NA,3,60.54999923706055,0,3,22.10000038146973,2,5.583333,0.546999990940094,1882.239868164063,0.13609999,113
Germany,276,80,0.9710000157356262,1.570000052452087,0.4164152443408966,12.286,4.905119895935059,44.26280975341797,89.73912048339844,0.699999988079071,0,NA,1,1,1,2,1,1,0.9479766488075256,3,78.48999786376953,1,3,57.29000091552734,29,10,0.878000020980835,46177.6171875,0.1294,1131
Ghana,288,41,0.8080000281333923,3.869999885559082,0.1229071766138077,8.1260004,3.989439964294434,0,39,8.300000190734863,5,1,1,1,1,2,2,0,2.091241121292114,3,69.2699966430664,0,3,38.66999816894531,22,9.083334,0.7279999852180481,4267.06689453125,0.1523,130
Kiribati,296,NA,NA,3.569000005722046,NA,NA,NA,NA,NA,8,5,1,0,0,0,2,2,NA,NA,3,NA,0,3,29.05999946594238,22,NA,NA,NA,NA,NA
Greece,300,45,0.8539999723434448,1.350000023841858,3.07759952545166,11.145,NA,42.65948867797852,72.95209503173828,2.299999952316284,0,2,1,1,1,2,2,1,0.9408639669418336,1,68.38999938964844,1,3,63.5,45,9.583334,0.8579999804496765,23450.765625,0.1092,434
Grenada,308,52,NA,2.062999963760376,NA,NA,3.173799991607666,NA,NA,NA,5,1,0,1,1,2,2,0,10.82309627532959,3,NA,0,3,53.43999862670898,35,NA,NA,NA,NA,NA
Guatemala,320,27,0.8080000281333923,2.869999885559082,0.6434921026229858,5.809,3.140929937362671,21.3601016998291,65,18.10000038146973,2,2,0,0,0,2,1,0,22.5013484954834,1,64.44000244140625,1,3,31.19000053405762,33,7,0.6000000238418579,7402.11474609375,0.1972,83
Guinea,324,28,0.5569999814033508,4.699999809265137,0.2960092723369598,NA,2.315939903259277,NA,18,49.70000076293945,6,2,1,1,1,2,2,0,NA,2,63.11000061035156,1,3,34.15999984741211,61,5.583333,0.4280000030994415,1606.466552734375,0.12530001,55.66666793823242
Guyana,328,37,0.7919999957084656,2.461999893188477,1.108672738075256,8.9090004,5.493579864501953,NA,NA,NA,5,1,1,1,1,2,1,0,14.24890899658203,3,58.56000137329102,1,3,53.61000061035156,27,8,0.6660000085830688,NA,0.1972,NA
Haiti,332,20,0.6840000152587891,2.934999942779541,0.0099123725667596,5.3179998,2.78046989440918,0,32.47362899780273,NA,6,2,0,0,0,2,96,0,6.679742813110352,1,68.68000030517578,0,2,15.80000019073486,199,5.4166665,0.4309999942779541,1729.043212890625,0.1972,59.33333206176758
Honduras,340,29,0.9279999732971193,2.460000038146973,0.5100111961364746,7.0370002,6.067460060119629,1.037367582321167,31.70000076293945,14,2,2,0,0,0,2,2,0,38.92559051513672,2,70.7699966430664,1,2,37.52000045776367,2,6.75,0.3779999911785126,5041.63525390625,0.1972,58
Hungary,348,46,0.4670000076293945,1.549999952316284,0.8410443067550659,12,4.667099952697754,19.47135925292969,76.0743637084961,0.800000011920929,0,3,1,1,1,1,96,1,2.4871985912323,1,71.93000030517578,1,3,59.20999908447266,29,8.333333,0.488999992609024,25622.8125,0.1199,390.6666564941406
Iceland,352,76,0.925000011920929,1.710000038146973,0,9.9359999,7.658219814300537,0,99.010955810546875,1.5,0,5,1,1,1,2,2,1,0.8909691572189331,3,87.08000183105469,1,3,59.11999893188477,101,NA,0.878000020980835,43438.54296875,0.087800004,270
India,356,41,0.3889999985694885,2.221999883651733,0.6206536889076233,7.3520002,NA,75.30940246582031,34.45000076293945,NA,5,1,1,1,1,2,1,1,3.079232454299927,3,52.15000152587891,0,3,44.79000091552734,69,8.5,0.5220000147819519,6806.49853515625,0.2173,523
Indonesia,360,38,0.7409999966621399,2.311000108718872,0.509474515914917,8.6490002,3.583600044250488,55.77646255493164,39.78748321533203,0.800000011920929,1,2,1,0,0,2,2,0,0.4345345795154572,3,69.6500015258789,1,3,54.11999893188477,20,8.083333,0.597000002861023,11851.7373046875,0.18279999,195
Iran (Islamic Republic of),364,28,0.1220000013709068,2.13700008392334,2.340709447860718,9.3629999,3.955359935760498,0.1646278202533722,70.00455474853516,8.399999618530273,0,2,1,0,0,2,2,1,NA,3,47.79000091552734,0,1,21.20000076293945,219,1.5833333,0.2080000042915344,17011.3046875,0.18179999,261
Iraq,368,18,NA,3.671999931335449,3.305925369262695,7.8340001,NA,0,NA,NA,5,2,0,0,0,2,2,0,NA,3,44.56000137329102,1,2,23.79999923706055,87,5.25,0.3919999897480011,12835.8125,0.20630001,NA
Ireland,372,73,0.9399999976158142,1.75,0.3626046776771545,12.436,3.506860017776489,17.3458137512207,84.52230072021484,3.5,0,1,0,0,0,2,2,1,0.8716054558753967,3,73.2300033569336,1,3,44.84999847412109,97,10,0.8799999952316284,64684.30078125,0.1197,451
Israel,376,61,0.9449999928474426,3.089999914169312,4.326560497283936,12.697,6.092619895935059,45.40373229980469,81.58118438720703,1.700000047683716,0,1,1,1,1,NA,NA,1,1.492021560668945,NA,72.410003662109375,1,3,50.77000045776367,71,7.75,0.699999988079071,32954.76953125,0.1648,624.33331298828125
Italy,380,52,0.9670000076293944,1.289999961853027,1.311838388442993,11.03,4.044939994812012,16.12007331848145,74.3871841430664,1.100000023841858,0,2,1,1,1,1,2,1,0.569050669670105,2,65.70999908447266,1,3,58.11000061035156,73,10,0.8669999837875366,34364.16796875,0.091300003,896.66668701171875
CÃ´te d'Ivoire,384,35,0.6790000200271606,4.64900016784668,0.3451639711856842,4.9780002,3.256030082702637,0,46.82372665405273,NA,6,2,0,0,0,2,2,0,NA,1,54.59000015258789,0,2,14.40999984741211,59,6,0.5419999957084656,3713.6435546875,0.17209999,104.6666641235352
Jamaica,388,44,0.9430000185966492,1.978999972343445,0.4038325548171997,10.552,5.414780139923096,0,55.07206726074219,NA,5,1,0,1,1,2,2,0,43.85227966308594,3,70.44000244140625,0,3,30.21999931335449,57,8.916666,0.8119999766349792,7272.98046875,0.1972,89.66666412353516
Japan,392,73,0.7110000252723694,1.419999957084656,0.3820492923259735,12.826,3.182179927825928,33.15273666381836,84.58806610107422,0.699999988079071,0,4,0,0,1,2,2,1,0.2625741064548492,3,79.05000305175781,0,3,44.91999816894531,67,10,0.8270000219345093,38673.80859375,0.1311,919.33331298828125
Kazakhstan,398,31,0.3379999995231628,2.839999914169312,0.785855770111084,11.367,2.615950107574463,71.56892395019531,78.90391540527344,0,0,NA,1,1,1,2,2,NA,5.060834407806396,1,76.55999755859375,1,2,52.68999862670898,28,1.8333333,0.2360000014305115,25307.5546875,0.154,83.66666412353516
Jordan,400,49,0.3260000050067902,2.760999917984009,3.92646861076355,10.153,3.034349918365479,0,66.790313720703125,NA,5,2,1,1,1,2,2,1,1.359106659889221,3,41.75,0,2,8.949999809265137,73,3.4166665,0.2700000107288361,11506.337890625,0.1744,142.6666717529297
Kenya,404,27,0.777999997138977,3.492000102996826,0.1262150853872299,6.908,5.306250095367432,0,17.82710075378418,23.29999923706055,5,1,0,1,1,2,2,0,4.928728103637695,1,74.80999755859375,0,2,23.29999923706055,17,7.25,0.4449999928474426,3377.470458984375,0.15189999,216.6666717529297
Korea (the Democratic People's Republic of),408,14,0.0130000002682209,1.904000043869019,8.918434143066406,NA,NA,21.28557968139648,NA,NA,0,3,1,1,1,2,2,0,NA,3,86.44999694824219,0,1,0,71,0,0.090999998152256,1596.351684570313,0.1476,NA
Korea (the Republic of),410,57,0.8360000252723694,0.9769999980926514,2.148163080215454,12.835,4.333099842071533,43.07625579833984,95.89829254150392,0,0,4,1,1,1,2,2,1,0.6038494110107422,1,68.87000274658203,0,3,55.70999908447266,31,8.666666,0.8679999709129333,37927.609375,0.14929999,578.66668701171875
Kuwait,414,41,0.4830000102519989,2.082000017166138,1.026707410812378,6.993,NA,0,99.59999084472656,4.900000095367432,5,2,1,1,1,2,2,1,NA,3,74.80000305175781,0,2,11.89999961853027,58,2.4166665,0.3149999976158142,65520.73828125,0.19320001,133.6666717529297
Kyrgyzstan,417,29,0.6209999918937683,3.299999952316284,0.8273289203643799,11.038,6.026189804077148,13.21565628051758,38,0.800000011920929,0,NA,1,1,1,1,96,1,2.189077615737915,1,62.45000076293945,1,3,27.60000038146973,28,6.583333,0.4650000035762787,5176.98828125,0.14489999,57.66666793823242
Lao People's Democratic Republic (the),418,29,0.046000000089407,2.66700005531311,3.47064471244812,6.6989999,NA,NA,25.51043510437012,8.899999618530273,6,3,0,0,1,2,2,0,NA,3,81.339996337890625,0,1,54.11000061035156,60,1.1666666,0.1209999993443489,6450.90673828125,0.2014,73.33333587646484
Lebanon,422,28,0.6209999918937683,2.086999893188477,3.350531339645386,NA,NA,0,78.18077850341797,NA,6,2,0,0,0,2,2,1,2.492926597595215,3,50.59999847412109,1,2,29.89999961853027,43,6.083333,0.4749999940395355,12558.966796875,0.2097,172.3333282470703
Lesotho,426,41,0.675000011920929,3.141000032424927,0.2077326327562332,6.6110001,6.985189914703369,NA,29,27,5,1,0,0,0,2,2,1,43.56460571289063,3,69.81999969482422,0,3,26.04999923706055,17,7.833333,0.6039999723434448,2731.466064453125,0.1446,33.66666793823242
Latvia,428,58,0.9649999737739564,1.600000023841858,0.6898889541625977,11.736,4.397119998931885,0,83.5771713256836,0.6000000238418579,0,NA,1,1,1,1,2,1,4.355804920196533,1,78.11000061035156,1,3,43.77999877929688,26,8.666666,0.8330000042915344,24312.677734375,0.096900001,140.6666717529297
Liberia,430,32,0.8029999732971191,4.315000057220459,0.0969829112291336,4.7030001,2.584120035171509,NA,NA,37.29999923706055,0,1,1,1,1,2,2,0,NA,3,77.279998779296875,0,3,34.06999969482422,13,7.583333,0.609000027179718,818.42108154296875,0.122,NA
Libya,434,17,0.4539999961853027,2.240000009536743,NA,9.2919998,NA,0,NA,16.70000076293945,3,2,0,0,0,NA,NA,0,NA,NA,52.79000091552734,1,2,29.32999992370605,68,2.9166667,0.2730000019073486,15013.3125,0.1356,NA
Liechtenstein,438,NA,NA,1.580000042915344,NA,NA,NA,NA,NA,NA,0,4,0,1,1,1,2,NA,2.637269973754883,3,NA,1,3,NA,28,NA,NA,NA,NA,NA
Lithuania,440,59,0.9380000233650208,1.629999995231628,2.685483455657959,11.756,3.812829971313477,0,79.72257995605469,1.100000023841858,0,NA,1,1,1,1,2,1,4.569355964660645,1,77.55000305175781,0,3,44.29999923706055,27,10,0.8240000009536743,27370.5546875,0.1133,182.3333282470703
Luxembourg,442,81,0.9459999799728394,1.379999995231628,0.6275659799575806,11.963,3.569590091705322,0,97.0613021850586,0.8999999761581421,0,2,1,1,1,2,2,1,0.3378869295120239,1,70.7699966430664,1,3,39.5,129,10,0.8740000128746033,57427.5,0.1009,153.3333282470703
Madagascar,450,25,0.7630000114440918,4.077000141143799,0.1603491753339767,NA,2.82548999786377,NA,9.800000190734863,NA,6,2,0,0,0,NA,NA,0,NA,NA,87.26000213623047,0,2,17.88999938964844,10,6.916667,0.4779999852180481,1427.600341796875,0.1517,85.66666412353516
Malawi,454,32,0.7540000081062317,4.209000110626221,0.1885019242763519,5.3590002,4.714839935302734,NA,13.78216457366943,51.5,5,1,0,0,0,2,2,0,NA,3,77.589996337890625,0,3,30.40999984741211,25,7.333333,0.5270000100135803,1116.640258789063,0.28040001,125.6666641235352
Malaysia,458,47,0.5040000081062317,2.000999927520752,0.8761122226715088,11.367,4.481259822845459,42.28133010864258,81.20170593261719,6.699999809265137,5,1,0,1,1,2,2,1,NA,3,68.54000091552734,0,3,38.88999938964844,62,6.75,0.382999986410141,24842.35546875,0.1487,251.3333282470703
Maldives,462,31,0.4399999976158142,1.870000004768372,NA,7.3889999,4.099709987640381,NA,NA,NA,5,1,1,0,0,2,2,0,NA,1,71.529998779296875,0,2,50.59999847412109,7,NA,0.3659999966621399,NA,0.13259999,NA
Mali,466,32,NA,5.876999855041504,0.3021919727325439,2.783,3.787309885025024,NA,13,NA,6,2,0,0,0,2,2,0,NA,1,71.470001220703125,0,3,17.89999961853027,7,6.25,0.503000020980835,1667.295043945313,0.096900001,88
Malta,470,54,0.8949999809265137,1.230000019073486,0.7392762899398804,11.816,4.824379920959473,0,81.40312957763672,0.800000011920929,0,2,0,0,0,2,2,1,1.593607306480408,3,73.25,1,3,67.62999725341797,55,NA,0.7559999823570251,32028.912109375,0.096100003,104
Mauritania,478,27,NA,4.560999870300293,1.74222719669342,5.2049999,1.89546000957489,NA,20.80096435546875,5.900000095367432,6,2,0,0,0,2,2,NA,NA,1,46.52000045776367,0,2,21.31999969482422,59,3.25,0.3970000147819519,3457.514892578125,0.1075,39.33333206176758
Mauritius,480,51,0.7639999985694885,1.409999966621399,0.4952219426631927,9.8100004,4.834589958190918,39.43943786621094,58.59616851806641,6.800000190734863,5,2,1,1,1,2,2,1,2.919860124588013,3,66.19999694824219,0,3,52.38000106811523,51,9.583334,0.8399999737739563,20138.572265625,0.15889999,67.66666412353516
Mexico,484,28,0.9029999971389772,2.128999948501587,0.6186023950576782,9.1429996,4.522819995880127,10.86591815948486,65.77263641357422,3.700000047683716,2,2,1,1,1,2,2,0,29.0710620880127,1,64.3499984741211,0,3,45.40000152587891,19,7.833333,0.6700000166893005,16494.078125,0.26140001,380.3333435058594
Monaco,492,NA,NA,NA,NA,NA,1.457929968833923,NA,NA,NA,0,2,1,0,0,2,2,NA,0,1,NA,1,3,NA,25,NA,NA,NA,NA,NA
Mongolia,496,37,0.8870000243186951,2.894999980926514,1.325891375541687,9.868,4.088590145111084,92.74442291259766,23.71426582336426,5.900000095367432,0,3,1,1,1,2,2,1,6.182548046112061,3,63.61999893188477,0,3,46.40000152587891,29,9.583334,0.6470000147819519,13382.5419921875,0.16940001,84.33333587646484
Moldova (the Republic of),498,33,0.8460000157356262,1.26199996471405,0.69847869873046875,11.167,5.439730167388916,0,76.12451934814453,4,0,NA,1,1,1,2,1,1,4.096792697906494,1,43.72000122070313,1,3,46.02999877929688,28,7.666667,0.5260000228881836,6746.728515625,0.097400002,97.66666412353516
Montenegro,499,45,0.5080000162124634,1.745000004768372,4.45838737487793,NA,NA,50.34965133666992,71.51725006103516,2.200000047683716,0,NA,1,1,1,1,1,0,2.229998826980591,2,64.7699966430664,1,2,62.31000137329102,13,7.666667,0.4490000009536743,19504.158203125,0.098399997,45.33333206176758
Morocco,504,43,0.4779999852180481,2.414999961853027,2.062968254089355,6.0159998,NA,55.52563095092773,64.803863525390625,NA,6,2,0,1,1,1,96,1,1.415522933006287,2,48.65000152587891,0,2,8.25,63,3.1666665,0.2899999916553497,8451.1357421875,0.1514,164
Mozambique,508,23,0.6399999856948853,4.85200023651123,0.0876921117305756,4.2030001,5.499849796295166,0,10,40.70000076293945,7,2,1,1,1,2,1,0,NA,1,78.5199966430664,1,2,21.60000038146973,15,6.25,0.4020000100135803,1132.770874023438,0.31110001,89
Oman,512,52,0.2290000021457672,2.888000011444092,1.798787474632263,NA,NA,0,80.185638427734375,NA,5,2,1,0,0,2,1,0,0.2691803276538849,3,70.86000061035156,0,2,1.799999952316284,219,1.75,0.1790000051259995,36477.63671875,0.6304,114.6666641235352
Namibia,516,53,0.6759999990463257,3.395999908447266,1.744408011436462,6.7659998,NA,0.4557291567325592,51,31.29999923706055,5,NA,1,1,1,2,2,1,NA,1,60.22000122070313,1,2,40.59999847412109,29,7.75,0.6959999799728394,9043.1201171875,0.2157,84.66666412353516
Nauru,520,NA,NA,NA,NA,NA,NA,NA,NA,NA,10,1,0,1,1,2,2,NA,NA,3,NA,1,3,NA,51,NA,NA,NA,NA,NA
Nepal,524,31,0.8489999771118164,1.91700005531311,0.6934235095977783,5.3670001,5.102069854736328,0,34,10.30000019073486,0,1,1,1,1,2,2,0,2.299783945083618,3,85.4800033569336,1,3,32.59999847412109,11,7.166667,0.6209999918937683,2727.423828125,0.1389,117
Netherlands (the),528,82,0.9300000071525574,1.590000033378601,0.4487106800079346,11.794,5.175099849700928,38.65358352661133,94.71207427978516,1.700000047683716,0,2,1,1,1,2,2,1,0.5861815810203552,3,80.30999755859375,1,3,61.65999984741211,122,10,0.8759999871253967,47474.109375,0.069899999,895
Vanuatu,548,46,0.8320000171661377,3.782000064849854,NA,NA,4.533530235290527,NA,NA,2.400000095367432,9,NA,0,1,1,2,2,NA,NA,3,70.589996337890625,1,3,41.70000076293945,39,NA,0.7670000195503235,NA,NA,NA
New Zealand,554,87,0.8970000147819519,1.710000038146973,0.3409974277019501,10.998,6.283669948577881,4.252912521362305,90.81109619140624,4.400000095367432,0,1,1,1,1,2,2,1,0.7443594932556152,3,81.12000274658203,1,3,45.2599983215332,162,10,0.8920000195503235,35336.13671875,0.1194,460.6666564941406
Nicaragua,558,25,0.1430000066757202,2.404000043869019,0.3990239799022675,7.6729999,4.357679843902588,0,27.86304092407227,NA,2,2,0,0,0,1,2,0,7.185947895050049,1,69.4000015258789,1,2,43.20999908447266,3,5.25,0.2409999966621399,4952.47705078125,0.1972,74
Niger (the),562,34,0.6909999847412109,6.913000106811523,0.1270210593938828,2.427,3.547209978103638,41.61958694458008,NA,NA,6,2,1,1,1,NA,NA,0,NA,NA,73.48999786376953,1,3,24.39999961853027,3,6.25,0.5320000052452087,964.66009521484375,0.116,NA
Nigeria,566,27,0.9079999923706056,5.38700008392334,0.3684911727905273,NA,NA,0,42,14.80000019073486,5,1,0,1,1,2,2,0,34.52404403686523,3,55.81000137329102,0,3,16.20000076293945,4,6.75,0.5740000009536743,5237.662109375,0.1159,166.6666717529297
Norway,578,84,0.9340000152587892,1.559999942779541,0.8303695917129517,12.706,7.911980152130127,0.1049179434776306,96.49166107177734,1.100000023841858,0,5,1,1,1,2,2,1,0.4683437049388885,3,77.7699966430664,1,3,55.7599983215332,119,10,0.8889999985694885,84580.1328125,0.1087,532.33331298828125
Micronesia (Federated States of),583,NA,NA,3.052999973297119,NA,NA,12.40791988372803,NA,NA,NA,4,NA,0,0,0,2,2,NA,NA,3,NA,0,3,37.0099983215332,27,NA,NA,NA,NA,NA
Marshall Islands,584,NA,NA,NA,NA,NA,NA,NA,NA,NA,4,NA,0,0,0,96,2,NA,NA,3,NA,0,3,28.29999923706055,27,NA,NA,NA,NA,NA
Palau,585,NA,NA,2.210000038146973,NA,NA,NA,NA,NA,NA,4,NA,0,0,0,1,2,NA,11.16632270812988,3,NA,0,3,NA,24,NA,NA,NA,NA,NA
Pakistan,586,33,0.5640000104904175,3.509999990463257,1.311496376991272,5.987,2.899519920349121,0.137108638882637,15.51000022888184,NA,5,1,0,1,1,2,2,0,3.883082628250122,3,54.43000030517578,0,3,26.95999908447266,2,5.9166665,0.3970000147819519,5510.396484375,0.1682,220.3333282470703
Panama,591,37,0.9010000228881836,2.460999965667725,1.280857563018799,10.085,NA,6.91530704498291,57.86508941650391,NA,2,2,1,0,0,96,2,0,9.385022163391112,1,71.37000274658203,1,3,52.27999877929688,28,9.333334,0.7559999823570251,22637.1484375,0.1972,174
Papua New Guinea,598,28,0.8410000205039978,3.563999891281128,0.1381044387817383,4.6459999,1.930889964103699,NA,NA,NA,10,1,0,0,0,2,2,0,NA,3,48.59000015258789,0,3,29.89999961853027,44,6.666667,0.414000004529953,NA,0.16689999,NA
Paraguay,600,29,0.781000018119812,2.428999900817871,0.8189852833747864,8.8140001,3.438339948654175,0,64.99354553222656,NA,2,2,0,0,0,1,2,0,7.144839763641357,1,75.48999786376953,1,3,38.13999938964844,16,8.083333,0.5849999785423279,9338.9482421875,0.1972,75.66666412353516
Peru,604,35,0.9340000152587892,2.253999948501587,0.8581360578536987,9.9870005,3.723160028457642,0.8393608331680298,52.54030990600586,18,2,2,0,1,1,1,1,0,7.909224033355713,1,80.75,1,3,57.70000076293945,18,8.5,0.7919999957084656,12310.0849609375,0.2476,195
Philippines (the),608,36,0.7599999904632568,2.575999975204468,0.3495707511901855,9.007,NA,44.51482009887695,60.05475997924805,3.200000047683716,4,2,0,0,0,1,2,0,6.464988231658936,1,61.77000045776367,0,3,42.13000106811523,33,7.833333,0.4880000054836273,8139.1396484375,0.1688,206
Poland,616,60,0.9430000185966492,1.460000038146973,1.069563746452332,11.776,4.559569835662842,80.90616607666016,77.54173278808594,0.5,0,3,1,1,1,1,2,1,0.730454683303833,1,70.410003662109375,1,3,40.29999923706055,30,9.166666,0.6949999928474426,27455.236328125,0.14650001000000001,481
Portugal,620,64,0.9700000286102296,1.419999957084656,0.9918729066848756,9.4989996,5.015610218048096,28.71823883056641,74.66096496582031,2.900000095367432,0,2,1,1,1,1,2,1,0.789766788482666,1,75.38999938964844,1,3,49.09999847412109,43,10,0.8920000195503235,27035.599609375,0.1114,417.3333435058594
Guinea-Bissau,624,16,0.7509999871253967,4.47599983215332,0.5711681842803955,NA,NA,NA,NA,NA,7,2,0,0,0,2,1,0,1.148704767227173,1,72.9000015258789,1,3,40.70000076293945,21,6.083333,0.531000018119812,1501.41357421875,0.1708,NA
Timor-Leste,626,35,0.7480000257492065,4.02299976348877,0.4145382344722748,NA,6.79295015335083,NA,NA,NA,0,NA,0,0,0,2,2,NA,4.095983028411865,1,67.44999694824219,1,3,42.90000152587891,17,8.25,0.6660000085830688,NA,0.1566,NA
Qatar,634,62,0.2099999934434891,1.866000056266785,1.031099438667297,9.4130001,2.695349931716919,0,99.65284729003906,NA,5,2,1,1,1,2,2,0,NA,3,87.5,0,0,0,48,1.25,0.0829999968409538,153764.171875,0.23450001,124
Romania,642,47,0.9100000262260436,1.759999990463257,1.398114681243896,11.388,3.09539008140564,27.63872528076172,70.6812744140625,3.400000095367432,0,3,1,1,1,1,1,0,1.281649708747864,1,67.93000030517578,1,3,43.79999923706055,28,8.916666,0.671999990940094,20126.29296875,0.1372,227.6666717529297
Russian Federation (the),643,28,0.3759999871253967,1.578999996185303,1.969495892524719,12.073,4.689909934997559,14.82165813446045,80.8647232055664,0.5,0,NA,1,1,1,2,2,0,8.20947551727295,1,74.43000030517578,0,2,43.68999862670898,20,3.9166667,0.2700000107288361,24668.908203125,0.21510001,503.3333435058594
Rwanda,646,56,0.0900000035762787,4.044000148773193,0.566426694393158,5.526,3.073750019073486,NA,21.76763343811035,NA,8,2,1,1,1,2,2,0,2.577168703079224,1,84.18000030517578,1,2,56.79999923706055,57,2.5833333,0.2129999995231628,1929.28515625,0.1989,70
Saint Kitts and Nevis,659,NA,NA,NA,NA,NA,2.643460035324097,NA,NA,NA,5,NA,0,1,1,2,2,NA,NA,3,NA,0,3,56.09999847412109,35,NA,NA,NA,NA,NA
Saint Lucia,662,55,NA,1.435999989509583,NA,NA,3.331799983978271,NA,NA,4.5,5,1,0,1,1,2,2,NA,21.44153022766113,3,80.08000183105469,0,3,47.36000061035156,40,NA,NA,10475.369140625,NA,NA
Saint Vincent and the Grenadines,670,58,NA,1.891000032424927,NA,NA,5.693779945373535,NA,NA,NA,5,NA,1,1,1,2,2,NA,36.54069137573242,3,74.1500015258789,0,3,64.0199966430664,40,NA,NA,NA,NA,NA
San Marino,674,NA,NA,NA,NA,NA,3.592859983444214,NA,NA,NA,0,2,0,0,0,NA,NA,NA,NA,NA,NA,NA,NA,NA,74,NA,NA,NA,NA,NA
Sao Tome and Principe,678,46,0.7250000238418579,4.321000099182129,NA,NA,5.149069786071777,NA,NA,NA,7,2,0,0,0,2,2,NA,NA,1,60.18999862670898,1,3,36.59999847412109,28,NA,0.6729999780654907,3730.20458984375,0.089500003,NA
Saudi Arabia,682,49,0.0740000009536743,2.319000005722046,1.797335028648376,10.069,NA,0,93.31000518798828,NA,0,1,0,1,1,2,2,0,1.265815734863281,3,57.5,0,0,0,93,0,0.0160000007599592,50304.75,0.2087,273.6666564941406
Senegal,686,45,0.8740000128746033,4.625,0.4512081444263458,3.6930001,4.833280086517334,0,46,13.89999961853027,6,2,0,0,0,2,2,0,0.267518162727356,1,47.13000106811523,0,3,18.18000030517578,19,8,0.7089999914169312,2617.12451171875,0.1318,112.3333358764648
Serbia,688,39,0.7250000238418579,1.490000009536743,0.9916712045669556,11.659,3.585390090942383,72.42984771728516,73.36071014404297,2,0,NA,1,1,1,1,1,0,1.226890563964844,1,67.4000015258789,1,3,53.54000091552734,13,7.833333,0.3479999899864197,14124.1181640625,0.1084,180.3333282470703
Seychelles,690,66,0.7590000033378601,2.410000085830688,NA,NA,4.421020030975342,NA,58.76980972290039,3.299999952316284,5,2,1,1,1,2,2,NA,12.53774356842041,1,NA,0,3,66.4800033569336,3,NA,0.550000011920929,29531.060546875,0.20559999,55.33333206176758
Sierra Leone,694,30,0.8450000286102295,4.263000011444092,0.325018584728241,4.415,6.989630222320557,NA,NA,31.5,5,1,0,1,1,2,2,0,1.728967785835266,3,58.90000152587891,0,3,34.7599983215332,17,7.583333,0.5649999976158142,1683.849731445313,0.15019999,NA
Singapore,702,85,0.4659999907016754,1.139999985694885,1.688800930976868,12.766,NA,1.196072578430176,88.16563415527344,1.399999976158142,5,1,1,1,1,2,2,1,0.1563177704811096,3,77.0199966430664,0,2,40.61000061035156,54,4.5,0.3869999945163727,68402.34375,0.14210001,493.6666564941406
Slovakia,703,50,0.9449999928474426,1.539999961853027,0.5755135416984558,12.04,3.939130067825317,12.51126480102539,80.66033935546875,0.800000011920929,0,NA,1,1,1,1,1,1,1.136985301971436,1,72.45999908447266,1,3,44.81000137329102,26,9.583334,0.8149999976158142,27075.53515625,0.078500003,242
Viet Nam,704,33,0.3709999918937683,2.049000024795532,0.9153292775154114,7.7709999,4.167449951171875,29.57144546508789,70.3496322631836,0,6,3,1,1,1,2,1,1,NA,3,83.20999908447266,0,1,70,43,1.5833333,0.2169999927282333,6814.14208984375,0.16159999,182.6666717529297
Slovenia,705,60,0.953000009059906,1.610000014305115,0.6987951993942261,12.15,4.783239841461182,29.59438514709473,79.7499771118164,0.5,0,NA,1,1,1,1,1,1,0.4812699258327484,1,75.13999938964844,1,3,39.15000152587891,28,10,0.8379999995231628,29244.919921875,0.080300003,254.6666717529297
Somalia,706,10,0.425000011920929,6.072000026702881,0.5186878442764282,NA,NA,NA,NA,43,3,1,0,0,0,NA,NA,0,NA,NA,49.27999877929688,0,0,0,50,3.75,0.1620000004768372,NA,0.1244,NA
South Africa,710,43,0.7720000147819519,2.404999971389771,0.3906576633453369,10.177,6.158989906311035,92.71123504638672,56.16739273071289,19.29999923706055,5,1,1,1,1,2,2,0,35.90000152587891,1,59.95999908447266,1,2,34.54000091552734,25,8.916666,0.7379999756813049,12165.794921875,0.19310001,391.6666564941406
Zimbabwe,716,22,0.2070000022649765,3.615000009536743,0.7382103204727173,8.125,5.871349811553955,46.78133773803711,27.05548858642578,34.20000076293945,5,1,1,0,1,2,2,0,NA,2,83.970001220703125,0,2,23.6299991607666,54,5.1666665,0.3149999976158142,1611.405151367188,0.1928,119.3333358764648
Spain,724,58,0.949999988079071,1.259999990463257,0.8512589931488037,10.931,4.20773983001709,18.96238899230957,86.10723876953125,1.799999952316284,0,2,1,1,1,1,1,1,0.6210799217224121,1,74.05999755859375,NA,3,51.97999954223633,42,10,0.8600000143051147,31496.51953125,0.125,776
South Sudan,728,13,0.0839999988675117,4.696000099182129,4.00312614440918,NA,1.543900012969971,0,NA,63.70000076293945,5,NA,NA,NA,NA,NA,NA,NA,NA,NA,73.9000015258789,0,0,NA,8,2.5,0.164000004529953,NA,0.15530001,NA
Sudan (the),729,16,0.2660000026226044,4.407000064849854,1.03058648109436,4.3499999,NA,0,NA,16.39999961853027,5,NA,0,0,0,1,1,0,NA,3,49.70999908447266,0,2,15.76000022888184,8,1.5,0.2660000026226044,3379.595703125,0.15360001,NA
Suriname,740,43,0.7429999709129333,2.417999982833862,0.8474264144897461,NA,NA,0,NA,NA,1,2,0,0,0,2,2,0,5.433820247650146,1,56.88000106811523,1,3,46.81999969482422,28,7.5,0.765999972820282,NA,0.1972,NA
Eswatini,748,38,0.3689999878406525,2.990000009536743,NA,5.6669998,NA,NA,47,30,5,1,1,1,1,2,2,0,11.55752849578857,3,54.5,NA,2,5.75,51,0.66666663,0.1309999972581863,8068.2119140625,0.19329999,55
Sweden,752,85,0.9639999866485596,1.759999990463257,0.2805611193180084,12.046,7.568830013275146,0.6669507622718811,92.14167785644533,1.200000047683716,0,5,1,1,1,2,2,1,1.083072662353516,96,82.970001220703125,1,3,64.9000015258789,108,10,0.9089999794960022,45541.890625,0.093999997,779.33331298828125
Switzerland,756,85,0.9589999914169312,1.519999980926514,0.4329862594604492,12.216,5.130189895629883,0,89.68614959716797,0.699999988079071,0,4,1,1,1,96,2,1,0.5864680409431458,1,84.16999816894531,1,3,46.04000091552734,171,10,0.8960000276565552,61372.73046875,0.1102,867.66668701171875
Syrian Arab Republic (the),760,13,0.0540000014007092,2.808000087738037,5.001987934112549,7.592,NA,0,NA,NA,6,2,0,0,0,NA,NA,0,0.8793122172355652,NA,46.65000152587891,0,2,45.09999847412109,75,0.25,0.1379999965429306,3349.459716796875,0.2115,NA
Tajikistan,762,25,0.0869999974966049,3.585000038146973,0.7233419418334961,10.759,5.231389999389648,1.526628613471985,21.95999908447266,NA,0,NA,1,1,1,2,2,0,NA,3,42.13999938964844,0,2,46.11999893188477,28,2.1666667,0.1700000017881393,4440.3818359375,0.149,38
Thailand,764,36,0.1500000059604645,1.524999976158142,1.169029712677002,8.7559996,NA,19.45432090759277,56.81748199462891,7.699999809265137,0,1,1,1,1,1,96,0,2.582003593444824,3,74.70999908447266,0,0,39.40000152587891,5,2.5833333,0.164000004529953,16648.623046875,0.1779,289.6666564941406
Togo,768,30,0.8429999947547913,4.320000171661377,0.3499742746353149,6.8340001,5.369569778442383,0,NA,NA,6,2,1,1,1,1,2,0,NA,1,58.63000106811523,1,2,28.46999931335449,59,4.083333,0.453000009059906,1451.36083984375,0.13850001,NA
Tonga,776,NA,NA,3.555999994277954,NA,11.294,NA,NA,NA,6,5,1,0,0,0,2,2,NA,NA,3,49.31000137329102,0,3,18.29999923706055,49,NA,NA,NA,NA,NA
Trinidad and Tobago,780,41,0.8159999847412109,1.725000023841858,0.6049407720565796,11.226,NA,0,77.3260498046875,NA,5,1,0,1,1,2,2,0,30.64950752258301,3,68.7300033569336,0,3,54.02999877929688,57,9.166666,0.7519999742507935,28549.408203125,0.1972,88.33333587646484
United Arab Emirates (the),784,70,0.1230000033974648,1.412999987602234,0.9328989386558532,11.736,NA,0,98.45000457763672,NA,5,1,1,1,1,2,2,1,0.4637824892997742,3,82.80000305175781,0,0,0,48,0.91666663,0.0949999988079071,76397.8203125,0.1575,170.6666717529297
Tunisia,788,43,0.8069999814033508,2.197000026702881,1.169629573822021,8.4390001,6.596010208129883,0,64.19081115722656,9.699999809265137,6,2,1,1,1,NA,NA,0,NA,NA,51.52999877929688,1,3,30.94000053405762,4,8,0.7369999885559082,11353.88671875,0.1091,158.3333282470703
Turkey,792,41,0.0579999983310699,2.069000005722046,1.559989809989929,7.7930002,NA,29.09509086608887,71.04276275634766,NA,0,2,1,1,1,2,2,0,2.590475559234619,1,58.08000183105469,1,2,62.09999847412109,3,2.75,0.2829999923706055,19270.220703125,0.2006,369.6666564941406
Turkmenistan,795,20,0.0260000005364418,2.78600001335144,1.767183899879456,NA,NA,0,NA,NA,0,NA,1,1,1,NA,NA,0,NA,NA,61.25,0,2,54.93999862670898,28,0.5,0.1500000059604645,26318.365234375,0.1987,NA
Tuvalu,798,NA,NA,NA,NA,NA,NA,NA,NA,NA,5,1,0,0,0,2,2,NA,NA,3,NA,0,3,NA,41,NA,NA,NA,NA,NA
Uganda,800,26,0.4399999976158142,4.954999923706055,0.288682222366333,5.7610002,2.130520105361938,NA,23.7065315246582,20.60000038146973,5,1,1,1,1,1,2,0,10.52445983886719,1,71.16999816894531,0,2,23.3799991607666,34,3.5,0.3070000112056732,2045.420288085938,0.1705,156.6666717529297
Ukraine,804,32,0.4480000138282776,1.300999999046326,1.454637408256531,11.568,5.412260055541992,34.57818222045898,58.88948059082031,1.600000023841858,0,NA,1,1,1,2,2,1,6.183730602264404,1,66.58000183105469,1,3,40.79999923706055,28,6.416667,0.4050000011920929,9813.36328125,0.097800002,229.3333282470703
North Macedonia,807,37,0.8610000014305115,1.496000051498413,1.666873335838318,NA,NA,58.35990142822266,79.167755126953125,3.200000047683716,0,NA,1,1,1,1,1,0,1.200216770172119,1,65.25,1,3,56.79999923706055,28,7.666667,0.5889999866485596,13074.2314453125,0.067599997,98.66666412353516
Egypt,818,35,0.0579999983310699,3.325999975204468,2.853937149047852,7.8239999,NA,0,46.92433929443359,7.400000095367432,5,2,0,0,0,2,2,0,NA,2,47.90999984741211,1,2,20.45000076293945,97,2.3333333,0.1860000044107437,11957.2119140625,0.19840001,234.6666717529297
United Kingdom of Great Britain and Northern Ireland (the),826,80,0.9259999990463256,1.679999947547913,0.4324027001857758,12.858,5.442090034484863,22.80648994445801,94.89674377441406,1.299999952316284,0,1,1,1,1,2,2,1,1.204914808273315,3,77.7300033569336,0,3,48.77999877929688,134,9.5,0.8740000128746033,38058.0859375,0.1296,1289
"Tanzania, the United Republic of",834,36,0.6119999885559082,4.892000198364258,0.1064569428563118,6.507,3.696439981460571,0,25,23.79999923706055,5,1,0,1,1,2,2,1,6.482657432556152,3,84.6500015258789,0,2,30.60000038146973,58,5.333333,0.4160000085830688,2874.962890625,0.1815,147.3333282470703
United States of America (the),840,71,0.9100000262260436,1.72950005531311,0.8334572315216064,12.81,NA,34.23273468017578,87.26611328125,0.800000011920929,0,1,1,1,1,2,2,1,4.956950664520264,3,72.63999938964844,0,3,70,219,9.083334,0.8309999704360962,55334.73828125,0.18960001,2088
Burkina Faso,854,41,0.8989999890327454,5.189000129699707,0.154820591211319,NA,5.383790016174316,NA,16,12.60000038146973,6,2,1,1,1,1,2,0,1.25044047832489,1,67.8499984741211,1,2,17.5,3,6.916667,0.7149999737739563,1589.624145507813,0.14560001,97
Uruguay,858,70,0.975000023841858,1.973000049591064,1.262945890426636,8.9429998,5.047589778900146,0,68.2796630859375,6.400000095367432,2,2,1,1,1,1,2,0,12.06045341491699,1,75.18000030517578,1,3,69.63999938964844,34,10,0.8920000195503235,20185.8359375,0.17020001,163.3333282470703
Uzbekistan,860,23,0.1940000057220459,2.604000091552734,0.4671943485736847,NA,5.2813401222229,4.085195541381836,NA,2.799999952316284,0,NA,1,1,1,2,2,0,1.135802745819092,3,65.25,1,2,56.36999893188477,28,0.66666663,0.1940000057220459,11220.3701171875,0.1692,NA
Venezuela (Bolivarian Republic of),862,18,0.2590000033378601,2.272000074386597,2.723191022872925,10.209,NA,0,72,NA,2,2,0,0,0,1,2,NA,36.6876335144043,1,64.68000030517578,1,1,29.36000061035156,14,2.1666667,0.2150000035762787,10709.9501953125,0.1972,193
Samoa,882,NA,NA,3.877000093460083,NA,NA,4.162220001220703,NA,NA,3.400000095367432,5,1,0,1,1,2,2,NA,NA,3,46.68000030517578,0,2,41.84999847412109,57,NA,NA,NA,NA,NA
Yemen,887,14,0.1239999979734421,3.79200005531311,0.3047954738140106,4.7399998,NA,0,26.71835517883301,NA,5,NA,0,0,0,NA,NA,NA,NA,NA,39.18999862670898,NA,0,24.51000022888184,29,2.9166667,0.1059999987483025,2284.889892578125,0.2463,63.33333206176758
Zambia,894,35,0.6809999942779541,4.632999897003174,0.2256986051797867,7.9879999,4.618090152740479,0,14.29999732971191,22.79999923706055,5,1,1,1,1,2,2,1,5.371749401092529,3,75.30000305175781,0,3,25,11,6.5,0.3499999940395355,3534.03369140625,0.2317,109.6666641235352
